timestamp,open,high,low,close,volume,rsi,macd,sma_20,atr,target,TP_PCT,SL_PCT
2025-04-05 10:49:42.859739,849725.65,849740.09,849716.39,849731.49,789.29,100.0,7465.032189847145,612332.3215,24594.763176141056,1,0.019999999999999993,0.009999999999999997
2025-04-05 14:49:42.859739,874772.02,874770.67,874761.9,874764.01,307.8,100.0,7368.089198169793,637319.87,24626.507234988127,1,0.020000000000000042,0.009999999999999955
2025-04-05 18:49:42.859739,899695.78,899707.43,899688.02,899708.87,913.79,100.0,7189.253959487309,662306.2754999999,24649.143861060405,1,0.02000000000000005,0.00999999999999996
2025-04-05 22:49:42.859739,924718.45,924723.43,924712.09,924712.42,952.82,100.0,6955.824780300725,687295.4600000001,24675.24501384181,1,0.020000000000000042,0.009999999999999959
2025-04-06 02:49:42.859739,949623.15,949633.39,949610.7,949612.39,326.74,100.0,6677.949954851705,712278.772,24692.796798567393,1,0.02000000000000001,0.010000000000000005
2025-04-06 06:49:42.859739,974545.49,974556.92,974535.43,974549.75,354.42,100.0,6373.949860589724,737261.1635,24710.77774152687,1,0.019999999999999997,0.010000000000000057
2025-04-06 10:49:42.859739,999568.45,999576.19,999545.89,999567.04,505.63,100.0,6060.084566062986,762247.919,24733.325045703514,1,0.020000000000000004,0.010000000000000061
2025-04-06 14:49:42.859739,1024601.34,1024619.05,1024595.93,1024604.42,941.12,100.0,5743.959230818931,787232.902,24756.08825672469,1,0.020000000000000007,0.010000000000000004
2025-04-06 18:49:42.859739,1049606.14,1049610.1,1049592.17,1049610.78,876.32,100.0,5427.917889381206,812218.884,24773.91623838722,1,0.019999999999999997,0.009999999999999998
2025-04-06 22:49:42.859739,1074605.6,1074615.89,1074593.27,1074606.06,102.57,100.0,5115.418180445791,837204.533,24790.430078502413,1,0.019999999999999938,0.009999999999999969
2025-04-07 02:49:42.859739,1099598.73,1099596.26,1099577.72,1099589.96,392.73,100.0,4809.134731483646,862192.9269999999,24804.69935860938,1,0.020000000000000007,0.01000000000000011
2025-04-07 06:49:42.859739,1124514.36,1124530.82,1124510.78,1124510.25,553.37,100.0,4507.782965911261,887178.7074999999,24814.425118708717,1,0.020000000000000066,0.010000000000000033
2025-04-07 10:49:42.859739,1149478.7,1149481.01,1149475.85,1149479.62,503.13,100.0,4218.177663186594,912162.3470000001,24825.59189594381,1,0.01999999999999997,0.009999999999999985
2025-04-07 14:49:42.859739,1174452.13,1174468.28,1174439.87,1174458.43,193.86,100.0,3942.1047629294044,937147.9395,24837.2396176621,1,0.01999999999999998,0.00999999999999999
2025-04-07 18:49:42.859739,1199503.04,1199524.05,1199497.36,1199511.06,858.82,100.0,3684.7120737753867,962136.108,24853.552502114817,1,0.020000000000000025,0.010000000000000012
2025-04-07 22:49:42.859739,1224528.62,1224543.36,1224515.73,1224530.41,676.94,100.0,3441.9986731233075,987125.8465,24866.320180535193,1,0.02000000000000011,0.010000000000000056
2025-04-08 02:49:42.859739,1249432.03,1249449.98,1249421.73,1249439.86,837.91,100.0,3206.350831171585,1012111.9020000001,24870.123739068396,1,0.019999999999999928,0.009999999999999964
2025-04-08 06:49:42.859739,1274452.88,1274462.46,1274437.21,1274454.28,858.76,100.0,2986.8756118442398,1037100.2359999999,24881.0149005635,1,0.020000000000000084,0.00999999999999995
2025-04-08 10:49:42.859739,1299430.88,1299445.62,1299430.09,1299438.62,748.36,100.0,2780.3150036949664,1062083.2485,24888.89526480897,1,0.0200000000000001,0.01000000000000005
2025-04-08 14:49:42.859739,1324401.81,1324416.8,1324387.21,1324399.29,439.21,100.0,2584.829807642731,1087063.9504999998,24895.27274589404,1,0.020000000000000104,0.009999999999999966
2025-04-08 18:49:42.859739,1349431.67,1349441.42,1349427.3,1349425.59,610.55,100.0,2404.8311256153393,1112048.6554999999,24905.762549758743,1,0.019999999999999983,0.009999999999999992
2025-04-08 22:49:42.859739,1374486.74,1374482.16,1374466.53,1374480.74,160.37,100.0,2240.334961918881,1137034.492,24916.53451049025,1,0.02000000000000007,0.010000000000000035
2025-04-09 02:49:42.859739,1399525.57,1399546.74,1399514.98,1399524.39,673.65,100.0,2088.338557411538,1162025.2680000002,24927.210616883804,1,0.020000000000000004,0.010000000000000085
2025-04-09 06:49:42.859739,1424484.81,1424499.95,1424467.02,1424482.78,179.25,100.0,1941.9438224727928,1187013.7859999998,24930.66414424925,1,0.01999999999999996,0.010000000000000061
2025-04-09 10:49:42.859739,1449465.8,1449484.23,1449469.32,1449469.97,693.95,100.0,1804.146225340257,1212006.665,24935.720276802873,1,0.019999999999999997,0.009999999999999998
2025-04-09 14:49:42.859739,1474485.04,1474491.57,1474486.12,1474483.3,229.6,100.0,1676.516904915159,1237003.3424999998,24941.854542745532,1,0.01999999999999998,0.010000000000000068
2025-04-09 18:49:42.859739,1499537.92,1499549.21,1499530.39,1499534.5,117.55,100.0,1560.5470569904428,1262001.7155,24950.71564683513,1,0.019999999999999962,0.009999999999999981
2025-04-09 22:49:42.859739,1524515.86,1524519.95,1524506.84,1524502.61,165.28,100.0,1449.1050595106499,1286996.6250000002,24953.196672061193,1,0.02000000000000002,0.009999999999999934
2025-04-10 02:49:42.859739,1549498.18,1549515.82,1549497.85,1549503.86,1.99,100.0,1345.1551184524433,1311991.279,24957.483338342536,1,0.019999999999999962,0.010000000000000056
2025-04-10 06:49:42.859739,1574451.83,1574449.61,1574429.35,1574447.48,718.74,100.0,1244.6065883156261,1336983.35,24956.64524274664,1,0.01999999999999996,0.00999999999999998
2025-04-10 10:49:42.859739,1599394.45,1599400.82,1599382.68,1599383.58,732.4,100.0,1148.1442977416737,1361973.031,24956.409153979028,1,0.02,0.01
2025-04-10 14:49:42.859739,1624430.36,1624448.28,1624422.85,1624431.59,514.93,100.0,1063.824877288076,1386969.098,24964.144214409094,1,0.020000000000000056,0.010000000000000028
2025-04-10 18:49:42.859739,1649505.49,1649497.07,1649480.92,1649500.79,161.36,100.0,990.4641601421754,1411970.1565,24971.382484808444,1,0.01999999999999996,0.01000000000000005
2025-04-10 22:49:42.859739,1674488.64,1674512.05,1674483.51,1674484.47,83.55,100.0,920.1026811589836,1436971.4585000002,24974.2308787507,1,0.020000000000000018,0.010000000000000009
2025-04-11 02:49:42.859739,1699536.46,1699550.82,1699527.15,1699538.87,19.13,100.0,857.7256166032748,1461972.8490000002,24980.8108159828,1,0.02000000000000001,0.010000000000000005
2025-04-11 06:49:42.859739,1724551.87,1724578.18,1724559.46,1724556.92,165.75,100.0,799.3482348642137,1486974.1745000002,24984.989329126875,1,0.02000000000000003,0.010000000000000016
2025-04-11 10:49:42.859739,1749535.99,1749544.16,1749518.76,1749523.81,890.86,100.0,741.4512276429741,1511978.372,24985.150091332096,1,0.019999999999999952,0.009999999999999976
2025-04-11 14:49:42.859739,1774549.85,1774557.92,1774545.9,1774550.72,241.54,100.0,689.0307855063293,1536983.1940000001,24988.647227665508,1,0.019999999999999993,0.010000000000000061
2025-04-11 18:49:42.859739,1799623.2,1799638.25,1799622.23,1799622.51,354.27,100.0,644.0846106787794,1561992.3885,24995.71028283226,1,0.020000000000000046,0.009999999999999957
2025-04-11 22:49:42.859739,1824623.09,1824639.26,1824603.56,1824620.37,105.35,100.0,599.9932755558111,1587003.4425000001,24997.213119772812,1,0.020000000000000077,0.009999999999999974
2025-04-12 02:49:42.859739,1849694.29,1849708.0,1849697.14,1849689.9,222.36,100.0,561.9553839679866,1612016.658,25003.671468360462,1,0.019999999999999976,0.009999999999999988
2025-04-12 06:49:42.859739,1874581.16,1874575.47,1874558.28,1874572.11,519.22,100.0,516.4705478667456,1637021.2265,24995.23564919186,1,0.019999999999999962,0.009999999999999981
2025-04-12 10:49:42.859739,1899610.67,1899623.38,1899601.81,1899603.83,607.75,100.0,477.0667395518685,1662025.1985,24999.238102821,1,0.020000000000000014,0.010000000000000068
2025-04-12 14:49:42.859739,1924614.93,1924630.54,1924607.43,1924614.68,245.35,100.0,441.1208081438381,1687031.7935000001,25001.200381190927,1,0.019999999999999987,0.009999999999999993
2025-04-12 18:49:42.859739,1949603.06,1949614.68,1949581.43,1949600.82,57.73,100.0,406.6442140887957,1712038.336,25001.11463967729,1,0.020000000000000042,0.010000000000000021
2025-04-12 22:49:42.859739,1974606.42,1974619.97,1974603.58,1974610.82,391.03,100.0,375.4917572904378,1737044.712,25002.402879700334,1,0.020000000000000018,0.010000000000000068
2025-04-13 02:49:42.859739,1999505.76,1999513.35,1999491.36,1999498.1,234.2,100.0,339.36834321467904,1762042.8920000002,24995.269102578884,1,0.020000000000000028,0.009999999999999955
2025-04-13 06:49:42.859739,2024489.7,2024510.01,2024474.39,2024478.56,219.55,100.0,307.1959192910581,1787041.6895000003,24996.45773810896,1,0.02000000000000006,0.01000000000000003
2025-04-13 10:49:42.859739,2049513.87,2049513.92,2049500.31,2049512.43,959.86,100.0,281.89477086099214,1812042.1180000002,24999.23647110117,1,0.020000000000000025,0.010000000000000012
2025-04-13 14:49:42.859739,2074594.82,2074596.3,2074566.67,2074594.41,616.3,100.0,264.6545054024609,1837049.4645,25005.28172316538,1,0.02000000000000008,0.009999999999999983
2025-04-13 18:49:42.859739,2099566.22,2099559.61,2099558.45,2099565.69,556.88,100.0,245.70259189224453,1862058.5699999998,25002.418742939277,1,0.02000000000000006,0.01000000000000003
2025-04-13 22:49:42.859739,2124527.03,2124525.56,2124510.69,2124520.12,415.78,100.0,225.0360076233046,1887062.9965,24999.379547015047,1,0.020000000000000007,0.010000000000000004
2025-04-14 02:49:42.859739,2149491.42,2149501.31,2149488.78,2149491.52,428.94,100.0,204.9481606122863,1912062.5329999998,24998.080293656825,1,0.019999999999999934,0.010000000000000077
2025-04-14 06:49:42.859739,2174534.8,2174547.67,2174525.13,2174543.79,540.91,100.0,190.96990919468226,1937065.4989999998,25002.228129824187,1,0.020000000000000018,0.010000000000000116
2025-04-14 10:49:42.859739,2199555.56,2199570.1,2199536.56,2199551.32,696.43,100.0,178.26333563833032,1962066.1215,25003.948263408176,1,0.019999999999999938,0.009999999999999969
2025-04-14 14:49:42.859739,2224529.98,2224537.47,2224524.57,2224532.08,702.15,100.0,164.90522764986963,1987064.8795000003,25002.67695887905,1,0.02000000000000009,0.009999999999999941
2025-04-14 18:49:42.859739,2249560.83,2249564.34,2249542.28,2249557.89,171.69,100.0,154.33813798011397,2012066.5835000002,25004.790033244815,1,0.02000000000000007,0.010000000000000035
2025-04-14 22:49:42.859739,2274551.75,2274564.97,2274556.26,2274565.52,500.11,100.0,144.5623758591828,2037067.3235,25004.953602298763,1,0.01999999999999993,0.009999999999999966
2025-04-15 02:49:42.859739,2299616.3,2299616.11,2299597.34,2299622.45,411.96,100.0,138.6117880490201,2062067.3205000001,25008.2133449917,1,0.020000000000000007,0.010000000000000004
2025-04-15 06:49:42.859739,2324572.76,2324578.09,2324564.27,2324575.51,870.53,100.0,128.42601999259205,2087065.0775000001,25004.458106063696,1,0.01999999999999996,0.01000000000000008
2025-04-15 10:49:42.859739,2349555.03,2349558.63,2349537.72,2349554.62,631.42,100.0,117.4894190649793,2112058.3134999997,25002.933955630582,1,0.019999999999999983,0.01000000000000009
2025-04-15 14:49:42.859739,2374532.5,2374549.63,2374525.39,2374537.43,532.5,100.0,106.6238685362332,2137056.5795,25002.367958799812,1,0.02000000000000002,0.009999999999999912
2025-04-15 18:49:42.859739,2399456.11,2399477.75,2399457.39,2399455.54,115.39,100.0,92.00042092148215,2162049.165,24997.93596174267,1,0.019999999999999962,0.009999999999999981
2025-04-15 22:49:42.859739,2424483.3,2424491.58,2424476.91,2424475.71,605.64,100.0,82.09172470346675,2187042.2165,25000.657678761054,1,0.02000000000000004,0.01000000000000002
2025-04-16 02:49:42.859739,2449492.61,2449501.51,2449489.22,2449490.19,117.2,100.0,75.10734739742475,2212036.685,25002.45355884954,1,0.019999999999999952,0.009999999999999976
2025-04-16 06:49:42.859739,2474486.05,2474500.09,2474487.99,2474489.88,337.21,100.0,69.2069610460021,2237030.638,25002.985447503135,1,0.020000000000000066,0.010000000000000033
2025-04-16 10:49:42.859739,2499474.29,2499498.03,2499475.75,2499481.53,142.84,100.0,63.62447654642165,2262029.8095,25003.354344110045,1,0.020000000000000108,0.00999999999999996
2025-04-16 14:49:42.859739,2524408.32,2524420.38,2524392.99,2524405.89,692.07,100.0,54.094586181250634,2287026.176,24998.746890959334,1,0.02000000000000005,0.010000000000000024
2025-04-16 18:49:42.859739,2549397.31,2549398.55,2549377.74,2549394.57,206.25,100.0,46.57157052590628,2312020.283,24998.312113033644,1,0.02000000000000003,0.010000000000000016
2025-04-16 22:49:42.859739,2574370.53,2574372.34,2574361.36,2574371.83,391.86,100.0,39.865850220638094,2337009.154,24996.84481924553,1,0.02000000000000005,0.009999999999999934
2025-04-17 02:49:42.859739,2599324.2,2599338.54,2599329.42,2599331.67,895.67,100.0,32.82135370574542,2361997.453,24994.69233215656,1,0.020000000000000063,0.009999999999999943
2025-04-17 06:49:42.859739,2624322.42,2624331.26,2624306.45,2624322.01,204.32,100.0,27.805435215792386,2386987.5475,24995.042165573937,1,0.020000000000000028,0.010000000000000014
2025-04-17 10:49:42.859739,2649342.49,2649351.83,2649329.4,2649344.63,507.81,100.0,26.32059284427669,2411980.203,24997.526296604392,1,0.019999999999999966,0.009999999999999983
2025-04-17 14:49:42.859739,2674424.68,2674449.77,2674436.81,2674442.29,419.27,100.0,31.855686003604205,2436975.128,25005.21298970409,1,0.02000000000000009,0.010000000000000045
2025-04-17 18:49:42.859739,2699446.62,2699457.57,2699432.74,2699442.56,18.12,100.0,35.21277219449985,2461969.6900000004,25005.932061868072,1,0.01999999999999997,0.010000000000000071
2025-04-17 22:49:42.859739,2724458.62,2724471.93,2724448.9,2724456.48,792.76,100.0,37.8195958872966,2486965.9099999997,25007.606200306072,1,0.02000000000000004,0.009999999999999933
2025-04-18 02:49:42.859739,2749459.53,2749471.35,2749454.41,2749454.53,69.05,100.0,38.72053074161522,2511960.742,25008.12504314136,1,0.020000000000000084,0.009999999999999957
2025-04-18 06:49:42.859739,2774369.35,2774376.37,2774350.94,2774353.38,474.26,100.0,32.086054853891255,2536950.1350000002,25001.961825774142,1,0.020000000000000066,0.00999999999999995
2025-04-18 10:49:42.859739,2799364.42,2799373.15,2799349.09,2799354.69,560.68,100.0,27.54194691311568,2561936.747,25003.233838218846,1,0.01999999999999997,0.009999999999999985
2025-04-18 14:49:42.859739,2824360.45,2824380.91,2824358.48,2824359.41,628.43,100.0,24.701095316559076,2586925.942,25004.875706917515,1,0.020000000000000073,0.009999999999999953
2025-04-18 18:49:42.859739,2849479.43,2849485.32,2849466.04,2849489.33,688.63,100.0,31.010406651330413,2611922.6775,25013.521013566242,1,0.020000000000000077,0.010000000000000038
2025-04-18 22:49:42.859739,2874488.21,2874479.26,2874458.34,2874476.65,253.27,100.0,33.55304046778474,2636919.6385000004,25011.835941168632,1,0.019999999999999938,0.009999999999999969
2025-04-19 02:49:42.859739,2899490.71,2899490.57,2899477.04,2899491.39,9.98,100.0,35.27491089748219,2661921.4310000003,25011.984802513725,1,0.020000000000000028,0.010000000000000014
2025-04-19 06:49:42.859739,2924488.75,2924501.63,2924479.44,2924492.94,723.44,100.0,35.46992580106598,2686922.2925,25011.860173762725,1,0.020000000000000014,0.010000000000000087
2025-04-19 10:49:42.859739,2949430.13,2949448.21,2949422.01,2949429.56,535.66,100.0,30.47319019009592,2711919.261,25007.818018493963,1,0.02000000000000005,0.009999999999999945
2025-04-19 14:49:42.859739,2974488.38,2974492.26,2974474.37,2974489.34,836.12,100.0,30.274631985870656,2736919.234,25011.73816003009,1,0.019999999999999962,0.009999999999999981
2025-04-19 18:49:42.859739,2999524.26,2999543.53,2999514.08,2999524.47,821.39,100.0,31.45177975029219,2761921.381,25014.770434313654,1,0.01999999999999995,0.01000000000000005
2025-04-19 22:49:42.859739,3024561.67,3024565.74,3024563.29,3024565.86,843.33,100.0,33.75729894012329,2786929.3795000003,25016.66326043411,1,0.01999999999999998,0.010000000000000066
2025-04-20 02:49:42.859739,3049516.33,3049537.76,3049508.82,3049516.15,485.09,100.0,30.75847146756132,2811935.4585,25013.46588468881,1,0.019999999999999955,0.009999999999999978
2025-04-20 06:49:42.859739,3074589.04,3074596.24,3074573.08,3074577.01,333.63,100.0,31.578400070982752,2836945.7175000003,25018.224750068202,1,0.020000000000000056,0.009999999999999952
2025-04-20 10:49:42.859739,3099516.4,3099521.14,3099509.93,3099518.44,791.56,100.0,27.055151837092126,2861955.056,25012.9322679205,1,0.01999999999999994,0.010000000000000047
2025-04-20 14:49:42.859739,3124544.89,3124558.18,3124547.42,3124555.57,451.29,100.0,25.465706286689965,2886966.734,25014.847105926194,1,0.019999999999999945,0.009999999999999972
2025-04-20 18:49:42.859739,3149658.51,3149663.12,3149642.26,3149662.61,183.44,100.0,30.2018841652025,2911982.633,25021.4687412172,1,0.019999999999999997,0.009999999999999998
2025-04-20 22:49:42.859739,3174607.18,3174614.15,3174604.43,3174613.28,854.97,100.0,28.606557696155505,2936991.1825,25016.473831130257,1,0.020000000000000014,0.01000000000000008
2025-04-21 02:49:42.859739,3199587.66,3199586.28,3199574.97,3199586.32,882.56,100.0,24.48879762145225,2961998.3704999997,25013.368557478098,1,0.020000000000000014,0.010000000000000007
2025-04-21 06:49:42.859739,3224571.87,3224601.18,3224581.83,3224585.56,466.31,100.0,20.622092686302494,2987004.8245,25013.475089086827,1,0.020000000000000077,0.009999999999999967
2025-04-21 10:49:42.859739,3249565.41,3249570.73,3249553.34,3249560.93,75.7,100.0,15.545113755157217,3012010.1445,25011.453297009193,1,0.020000000000000077,0.010000000000000038
2025-04-21 14:49:42.859739,3274488.65,3274488.64,3274467.28,3274479.33,387.83,100.0,6.304579388903221,3037016.442,25005.471632937108,1,0.02000000000000001,0.010000000000000005
2025-04-21 18:49:42.859739,3299475.48,3299498.05,3299475.46,3299484.26,803.54,100.0,0.44658625617739744,3062022.9205,25006.417944870154,1,0.020000000000000056,0.010000000000000028
2025-04-21 22:49:42.859739,3324431.01,3324447.05,3324428.63,3324435.81,901.77,100.0,-6.391814636619529,3087026.7405000003,25003.301663093716,1,0.020000000000000042,0.009999999999999952
2025-04-22 02:49:42.859739,3349454.55,3349461.86,3349438.85,3349462.43,203.47,100.0,-8.680875584192108,3112025.3954999996,25004.926544301296,1,0.020000000000000014,0.010000000000000077
2025-04-22 06:49:42.859739,3374403.4,3374418.71,3374392.84,3374409.74,66.97,100.0,-13.04009547806345,3137022.05,25001.451791136904,1,0.02000000000000005,0.009999999999999955
2025-04-22 10:49:42.859739,3399484.04,3399490.37,3399470.52,3399485.68,877.35,100.0,-10.22974627147778,3162021.7645,25007.10737748426,1,0.01999999999999997,0.010000000000000054
2025-04-22 14:49:42.859739,3424443.22,3424452.39,3424443.99,3424448.77,389.4,100.0,-10.251480900187744,3187019.556,25004.221850521095,1,0.019999999999999966,0.009999999999999983
2025-04-22 18:49:42.859739,3449441.43,3449446.29,3449423.64,3449435.67,541.76,100.0,-10.504307671246352,3212019.8614999996,25003.74314691245,1,0.02000000000000007,0.009999999999999967
2025-04-22 22:49:42.859739,3474478.02,3474476.97,3474453.64,3474466.12,968.07,100.0,-8.085524221736705,3237018.7005000003,25006.425779275865,1,0.019999999999999983,0.009999999999999992
2025-04-23 02:49:42.859739,3499418.16,3499422.3,3499396.36,3499400.32,66.56,100.0,-10.243045466282638,3262012.493,25002.836795041854,1,0.019999999999999955,0.010000000000000044
2025-04-23 06:49:42.859739,3524426.78,3524437.35,3524422.63,3524420.42,648.32,100.0,-9.650521711853798,3287005.221,25005.279166824595,1,0.02000000000000002,0.01000000000000001
2025-04-23 10:49:42.859739,3549482.88,3549490.67,3549487.23,3549482.43,74.11,100.0,-4.6687903221463785,3312003.5349999997,25009.91994062284,1,0.019999999999999987,0.009999999999999993
2025-04-23 14:49:42.859739,3574405.53,3574419.5,3574398.88,3574405.61,375.47,100.0,-6.0463043610798195,3336994.965,25004.716373435484,1,0.019999999999999962,0.010000000000000045
2025-04-23 18:49:42.859739,3599419.83,3599422.52,3599399.2,3599416.65,803.81,100.0,-5.716657979879528,3361989.8755,25005.587346761527,1,0.020000000000000028,0.00999999999999995
2025-04-23 22:49:42.859739,3624424.27,3624449.64,3624419.61,3624428.12,433.47,100.0,-4.293806113302708,3386983.503,25007.54467913572,1,0.020000000000000046,0.010000000000000023
2025-04-24 02:49:42.859739,3649473.04,3649479.14,3649459.52,3649476.73,997.18,100.0,0.11963201349135488,3411974.2090000003,25010.650059197455,1,0.019999999999999973,0.009999999999999986
2025-04-24 06:49:42.859739,3674406.42,3674423.74,3674405.52,3674409.26,559.06,100.0,-1.2320751299266703,3436964.008,25006.10434068337,1,0.02000000000000005,0.010000000000000024
2025-04-24 10:49:42.859739,3699339.73,3699352.61,3699328.47,3699343.1,321.16,100.0,-6.039995629223995,3461951.847,25001.62188777742,1,0.020000000000000052,0.009999999999999964
2025-04-24 14:49:42.859739,3724371.25,3724368.57,3724351.26,3724370.81,220.11,100.0,-6.757834090589313,3486941.1095,25003.325324364727,1,0.019999999999999962,0.009999999999999981
2025-04-24 18:49:42.859739,3749384.77,3749395.21,3749374.94,3749376.85,350.52,100.0,-6.24198439437896,3511931.9055,25004.83065833867,1,0.020000000000000004,0.010000000000000063
2025-04-24 22:49:42.859739,3774393.27,3774414.1,3774379.56,3774400.27,372.53,100.0,-3.8565468121378217,3536927.9524999997,25007.14632560019,1,0.02000000000000004,0.01000000000000002
2025-04-25 02:49:42.859739,3799418.19,3799424.43,3799393.11,3799412.02,68.71,100.0,-1.1602986297803,3561924.3405,25008.36158805733,1,0.020000000000000004,0.010000000000000063
2025-04-25 06:49:42.859739,3824372.99,3824394.78,3824374.32,3824381.75,369.57,100.0,-1.0895558481279295,3586921.6375,25006.53290319608,1,0.020000000000000063,0.00999999999999997
2025-04-25 10:49:42.859739,3849393.09,3849407.69,3849379.54,3849384.65,464.24,100.0,-0.5488222135172691,3611917.7484999998,25007.919124396354,1,0.019999999999999993,0.009999999999999997
2025-04-25 14:49:42.859739,3874407.63,3874409.22,3874398.92,3874396.89,722.74,100.0,0.8554542887140997,3636917.106,25009.108472653777,1,0.019999999999999987,0.010000000000000054
2025-04-25 18:49:42.859739,3899367.4,3899373.18,3899353.09,3899373.03,656.73,100.0,0.4216008192161098,3661911.4735,25006.764296035653,1,0.01999999999999997,0.009999999999999985
2025-04-25 22:49:42.859739,3924463.86,3924474.45,3924450.68,3924464.11,708.77,100.0,6.192627775395522,3686912.2405000003,25013.52541774742,1,0.020000000000000063,0.010000000000000031
2025-04-26 02:49:42.859739,3949479.67,3949494.14,3949473.23,3949481.41,8.36,100.0,10.827645316254348,3711914.5275,25014.704316479765,1,0.02000000000000004,0.01000000000000002
2025-04-26 06:49:42.859739,3974430.98,3974443.16,3974410.4,3974422.01,217.67,100.0,9.588165676948847,3736912.3219999997,25010.921865302636,1,0.020000000000000018,0.010000000000000009
2025-04-26 10:49:42.859739,3999458.26,3999477.19,3999451.27,3999464.81,661.68,100.0,11.231952456961153,3761915.5465,25014.083160638173,1,0.020000000000000052,0.009999999999999969
2025-04-26 14:49:42.859739,4024407.84,4024417.52,4024392.15,4024404.5,483.99,100.0,7.990905543207191,3786914.7505,25009.69936344973,1,0.019999999999999962,0.009999999999999981
2025-04-26 18:49:42.859739,4049455.05,4049454.54,4049439.15,4049458.02,5.31,100.0,9.104192322382005,3811913.53,25012.58083748904,1,0.019999999999999983,0.010000000000000049
2025-04-26 22:49:42.859739,4074504.21,4074523.35,4074504.58,4074503.23,804.49,100.0,12.337255687831203,3836918.411,25016.348634811256,1,0.02000000000000004,0.01000000000000002
2025-04-27 02:49:42.859739,4099459.66,4099472.2,4099452.78,4099469.89,772.81,100.0,11.688474832772044,3861921.0730000003,25012.96444661047,1,0.01999999999999998,0.010000000000000047
2025-04-27 06:49:42.859739,4124507.09,4124531.32,4124499.01,4124513.23,548.42,100.0,13.507537451543612,3886925.3285,25016.42627185256,1,0.01999999999999997,0.010000000000000042
2025-04-27 10:49:42.859739,4149538.54,4149543.98,4149529.17,4149538.53,66.46,100.0,15.595981215650681,3911928.4184999997,25017.449395291664,1,0.019999999999999983,0.010000000000000049
2025-04-27 14:49:42.859739,4174570.21,4174589.96,4174559.47,4174573.89,766.52,100.0,18.350247491936898,3936936.65,25019.876581342272,1,0.019999999999999997,0.010000000000000054
2025-04-27 18:49:42.859739,4199680.23,4199673.36,4199653.33,4199670.64,583.71,100.0,25.253397686290555,3961953.027,25025.561825532124,1,0.020000000000000014,0.010000000000000007
2025-04-27 22:49:42.859739,4224648.77,4224671.66,4224653.64,4224659.39,781.96,100.0,27.445248109375825,3986967.4559999993,25023.80883799415,1,0.0200000000000001,0.01000000000000005
2025-04-28 02:49:42.859739,4249629.98,4249630.53,4249601.83,4249616.49,751.75,100.0,24.486864355625585,4011979.438,25020.04677813747,1,0.020000000000000098,0.010000000000000049
2025-04-28 06:49:42.859739,4274578.08,4274588.75,4274574.21,4274580.72,803.0,100.0,18.854706387763144,4036988.4605000005,25016.63343684192,1,0.020000000000000073,0.009999999999999927
2025-04-28 10:49:42.859739,4299535.75,4299539.59,4299532.19,4299533.66,518.01,100.0,11.078450454981066,4061994.5424999995,25012.507477067502,1,0.020000000000000018,0.010000000000000009
2025-04-28 14:49:42.859739,4324529.65,4324547.11,4324528.69,4324531.23,140.32,100.0,5.188891947735101,4087002.0165,25012.57480013412,1,0.019999999999999938,0.010000000000000078
2025-04-28 18:49:42.859739,4349551.43,4349566.69,4349531.55,4349544.46,671.16,100.0,1.7781773064343724,4112010.007,25014.209457267396,1,0.02000000000000002,0.01000000000000001
2025-04-28 22:49:42.859739,4374563.08,4374567.6,4374550.18,4374550.46,620.47,100.0,-0.36550526178325526,4137017.6855000006,25014.847353176847,1,0.020000000000000046,0.009999999999999917
2025-04-29 02:49:42.859739,4399610.14,4399606.54,4399601.58,4399603.67,742.25,100.0,1.411003679415444,4162029.2175,25017.792542235646,1,0.020000000000000025,0.010000000000000012
2025-04-29 06:49:42.859739,4424605.85,4424605.75,4424596.47,4424617.34,169.88,100.0,3.024918787094066,4187036.8789999997,25016.670217790244,1,0.020000000000000094,0.009999999999999941
2025-04-29 10:49:42.859739,4449678.7,4449690.79,4449665.65,4449681.88,194.98,100.0,7.691829290532041,4212046.9025,25020.725916519525,1,0.020000000000000004,0.010000000000000106
2025-04-29 14:49:42.859739,4474662.9,4474676.86,4474663.05,4474664.62,890.41,100.0,8.789834865398007,4237059.033,25018.88692248245,1,0.019999999999999928,0.010000000000000068
2025-04-29 18:49:42.859739,4499800.44,4499811.66,4499783.08,4499799.41,749.98,100.0,17.276802677690284,4262075.762999999,25028.040713733706,1,0.020000000000000108,0.00999999999999995
2025-04-29 22:49:42.859739,4524833.55,4524836.65,4524815.94,4524832.12,908.23,100.0,23.39624354505213,4287097.143999999,25028.697805609885,1,0.020000000000000052,0.010000000000000026
2025-04-30 02:49:42.859739,4549780.6,4549796.97,4549779.05,4549791.89,758.72,100.0,23.00278801753302,4312113.8375,25024.137248066294,1,0.019999999999999973,0.009999999999999986
2025-04-30 06:49:42.859739,4574728.87,4574747.5,4574716.27,4574729.71,597.16,100.0,17.094575066148536,4337125.161499999,25019.24244463301,1,0.020000000000000035,0.010000000000000018
2025-04-30 10:49:42.859739,4599763.45,4599769.67,4599751.38,4599765.3,654.13,100.0,14.240028283762513,4362139.932,25020.722270016366,1,0.019999999999999973,0.009999999999999986
2025-04-30 14:49:42.859739,4624749.41,4624768.32,4624728.88,4624752.14,889.13,100.0,10.305533339240355,4387151.8775,25019.45782215809,1,0.019999999999999987,0.009999999999999993
2025-04-30 18:49:42.859739,4649783.34,4649786.99,4649770.9,4649787.85,578.81,100.0,8.995681371510727,4412164.3435,25020.557263432554,1,0.02000000000000005,0.009999999999999924
2025-04-30 22:49:42.859739,4674808.01,4674821.82,4674795.23,4674810.11,632.39,100.0,8.520718821848277,4437176.1545,25021.515316044562,1,0.020000000000000035,0.009999999999999919
2025-05-01 02:49:42.859739,4699806.02,4699812.37,4699800.96,4699804.38,156.48,100.0,6.788270255579846,4462182.8415,25020.13993632708,1,0.020000000000000042,0.010000000000000021
2025-05-01 06:49:42.859739,4724759.24,4724770.5,4724744.3,4724765.3,473.92,100.0,2.2146807015233207,4487188.137,25016.28136944658,1,0.019999999999999973,0.009999999999999986
2025-05-01 10:49:42.859739,4749682.31,4749700.55,4749677.65,4749689.16,716.4,100.0,-6.270056185108842,4512191.7705,25010.49341448611,1,0.020000000000000087,0.009999999999999945
2025-05-01 14:49:42.859739,4774664.85,4774677.72,4774660.63,4774662.1,270.94,100.0,-13.614978854195215,4537195.8395,25008.926742022788,1,0.01999999999999992,0.01000000000000006
2025-05-01 18:49:42.859739,4799701.8,4799726.52,4799706.44,4799703.82,202.25,100.0,-15.44004486175254,4562204.3475,25012.890546164013,1,0.01999999999999993,0.010000000000000063
2025-05-01 22:49:42.859739,4824719.44,4824719.96,4824706.2,4824717.91,313.83,100.0,-15.437789741554298,4587213.6815,25013.122650009416,1,0.01999999999999993,0.010000000000000061
2025-05-02 02:49:42.859739,4849646.6,4849657.19,4849644.56,4849662.86,241.5,100.0,-18.667490786785493,4612219.6015,25007.84817500876,1,0.019999999999999973,0.010000000000000082
2025-05-02 06:49:42.859739,4874668.91,4874678.26,4874649.38,4874657.57,214.91,100.0,-20.53549913907773,4637224.9569999995,25008.38759107952,1,0.01999999999999997,0.009999999999999985
2025-05-02 10:49:42.859739,4899685.4,4899694.6,4899665.23,4899675.7,424.85,100.0,-19.910686563962372,4662228.5585,25010.433477430935,1,0.020000000000000087,0.010000000000000044
2025-05-02 14:49:42.859739,4924640.12,4924644.33,4924637.25,4924639.67,907.84,100.0,-21.167160023964243,4687229.675,25007.44751475729,1,0.01999999999999997,0.01000000000000008
2025-05-02 18:49:42.859739,4949651.44,4949648.12,4949631.9,4949646.78,507.06,100.0,-20.735582452296512,4712227.92,25007.519120846067,1,0.020000000000000087,0.00999999999999995
2025-05-02 22:49:42.859739,4974657.77,4974651.15,4974645.69,4974650.31,187.92,100.0,-19.449797855340876,4737227.2045,25007.294183642785,1,0.019999999999999945,0.010000000000000066
2025-05-03 02:49:42.859739,4999597.36,4999610.17,4999575.13,4999593.51,76.97,100.0,-21.50180543260649,4762216.9095,25003.906027668327,1,0.019999999999999955,0.010000000000000071
2025-05-03 06:49:42.859739,5024600.98,5024614.02,5024593.8,5024609.06,696.16,100.0,-20.872091911383905,4787205.7565,25005.092025692,1,0.020000000000000094,0.009999999999999953
2025-05-03 10:49:42.859739,5049631.82,5049644.69,5049627.4,5049645.67,382.8,100.0,-17.202966462558834,4812198.445499999,25007.273309571203,1,0.019999999999999993,0.009999999999999997
2025-05-03 14:49:42.859739,5074689.25,5074696.9,5074678.17,5074684.37,821.83,100.0,-11.648550162266474,4837196.1785,25010.41307317329,1,0.02000000000000003,0.010000000000000016
2025-05-03 18:49:42.859739,5099745.19,5099752.16,5099738.77,5099740.92,659.51,100.0,-4.037947060307488,4862194.9595,25014.511425089488,1,0.020000000000000046,0.00999999999999993
2025-05-03 22:49:42.859739,5124678.77,5124677.57,5124666.75,5124675.66,796.24,100.0,-3.301952627109131,4887191.1355,25008.94989472598,1,0.019999999999999987,0.009999999999999993
2025-05-04 02:49:42.859739,5149625.66,5149639.67,5149612.85,5149621.07,271.95,100.0,-6.224951478536241,4912182.7965,25005.73990224554,1,0.020000000000000066,0.009999999999999943
2025-05-04 06:49:42.859739,5174655.97,5174656.39,5174645.85,5174654.16,692.36,100.0,-5.678387316991575,4937174.999,25007.852766370812,1,0.020000000000000042,0.010000000000000021
2025-05-04 10:49:42.859739,5199676.95,5199696.74,5199673.57,5199689.04,264.06,100.0,-2.858644260559231,4962169.232,25010.33328305862,1,0.01999999999999997,0.009999999999999985
2025-05-04 14:49:42.859739,5224703.42,5224711.15,5224696.6,5224706.58,939.07,100.0,0.13798483571736142,4987166.296,25011.174477125885,1,0.019999999999999993,0.009999999999999997
2025-05-04 18:49:42.859739,5249892.08,5249909.92,5249882.55,5249900.27,636.37,100.0,14.329561412450857,5012176.8515,25024.900585902597,1,0.020000000000000028,0.010000000000000014
2025-05-04 22:49:42.859739,5274923.05,5274945.26,5274920.96,5274921.36,324.51,100.0,23.746379549149424,5037189.8145,25026.335544052425,1,0.019999999999999962,0.01000000000000007
2025-05-05 02:49:42.859739,5299977.68,5299997.46,5299980.96,5299981.36,269.51,100.0,32.105848928156774,5062203.6915,25029.890148048657,1,0.019999999999999997,0.009999999999999998
2025-05-05 06:49:42.859739,5325027.26,5325042.8,5325017.9,5325030.26,190.93,100.0,38.582823597767856,5087219.308999999,25032.143708902287,1,0.02000000000000002,0.01000000000000001
2025-05-05 10:49:42.859739,5350069.98,5350071.2,5350048.19,5350063.12,694.64,100.0,42.42877995292656,5112239.322,25032.772015409293,1,0.020000000000000066,0.009999999999999946
2025-05-05 14:49:42.859739,5375044.2,5375055.61,5375046.93,5375055.35,218.72,100.0,41.73443815912469,5137259.211,25029.89472859436,1,0.019999999999999973,0.010000000000000073
2025-05-05 18:49:42.859739,5400100.06,5400100.28,5400082.1,5400089.68,595.3,100.0,40.82232641024166,5162279.91,25030.96867655195,1,0.020000000000000084,0.010000000000000042
2025-05-05 22:49:42.859739,5425050.72,5425068.14,5425045.41,5425042.7,264.64,100.0,34.53947849321412,5187300.0615,25027.21805679824,1,0.020000000000000052,0.010000000000000026
2025-05-06 02:49:42.859739,5450037.34,5450049.65,5450029.45,5450037.64,661.97,100.0,27.816228473413503,5212319.6045,25025.770338455524,1,0.019999999999999983,0.010000000000000077
2025-05-06 06:49:42.859739,5475007.85,5475023.3,5475003.14,5475014.64,814.94,100.0,19.96109912233078,5237337.821,25022.90531428014,1,0.01999999999999999,0.009999999999999995
2025-05-06 10:49:42.859739,5500019.74,5500030.85,5500001.26,5500021.94,778.03,100.0,13.696488427114673,5262359.2425,25022.42707754584,1,0.019999999999999934,0.009999999999999967
2025-05-06 14:49:42.859739,5525129.09,5525141.27,5525118.95,5525139.87,760.85,100.0,15.786116336355917,5287385.783000001,25029.348714863932,1,0.02000000000000009,0.009999999999999962
2025-05-06 18:49:42.859739,5550039.22,5550039.81,5550026.19,5550033.53,187.72,100.0,8.654110189410858,5312405.176000001,25020.105235230756,1,0.01999999999999997,0.01000000000000007
2025-05-06 22:49:42.859739,5575085.72,5575084.17,5575065.87,5575068.87,88.38,100.0,5.137996158649912,5337424.401,25022.286289857107,1,0.019999999999999938,0.009999999999999969
2025-05-07 02:49:42.859739,5599991.8,5600011.44,5599975.46,5599986.0,698.95,100.0,-3.4830228096980136,5362436.654999999,25016.59226915305,1,0.019999999999999952,0.01000000000000006
2025-05-07 06:49:42.859739,5624974.43,5624972.19,5624959.26,5624967.52,368.35,100.0,-10.734611348598264,5387451.248,25014.420678499293,1,0.01999999999999998,0.010000000000000073
2025-05-07 10:49:42.859739,5650019.62,5650036.94,5650003.55,5650025.47,432.35,100.0,-11.845676774071762,5412471.467999999,25018.34920146369,1,0.019999999999999976,0.010000000000000071
2025-05-07 14:49:42.859739,5675026.17,5675030.37,5675013.67,5675031.29,31.15,100.0,-12.349553510488477,5437490.3245,25017.388544216312,1,0.020000000000000087,0.010000000000000044
2025-05-07 18:49:42.859739,5699981.32,5699983.18,5699969.94,5699972.08,259.58,100.0,-16.568357634503627,5462504.4765,25012.710076772266,1,0.020000000000000084,0.010000000000000042
2025-05-07 22:49:42.859739,5724933.56,5724938.63,5724923.17,5724935.1,33.68,100.0,-21.438020287576364,5487515.902500001,25009.41292843138,1,0.02000000000000009,0.009999999999999964
2025-05-08 02:49:42.859739,5749979.74,5749979.68,5749964.17,5749971.44,879.19,100.0,-21.73237999866251,5512519.461,25011.924862114858,1,0.019999999999999976,0.009999999999999988
2025-05-08 06:49:42.859739,5774937.7,5774949.28,5774920.43,5774929.98,243.4,100.0,-24.059079395694425,5537519.892,25009.490229106643,1,0.020000000000000052,0.010000000000000026
2025-05-08 10:49:42.859739,5799942.17,5799951.93,5799943.59,5799955.43,557.34,100.0,-23.21276511409087,5562518.5955,25010.380212741828,1,0.019999999999999987,0.009999999999999993
2025-05-08 14:49:42.859739,5824950.42,5824960.56,5824943.76,5824939.22,38.98,100.0,-23.02776981049101,5587514.043500001,25010.005197545976,1,0.020000000000000042,0.009999999999999941
2025-05-08 18:49:42.859739,5849919.54,5849930.59,5849897.57,5849915.6,666.85,100.0,-23.687378133065067,5612506.6674999995,25008.674112006986,1,0.019999999999999987,0.010000000000000073
2025-05-08 22:49:42.859739,5875024.99,5875040.42,5875017.33,5875032.0,323.03,100.0,-15.852052273898153,5637505.5,25016.97024686365,1,0.01999999999999994,0.01000000000000005
2025-05-09 02:49:42.859739,5900045.72,5900058.27,5900036.83,5900053.61,897.92,100.0,-9.116153292154195,5662503.696500001,25017.634514944784,1,0.02000000000000005,0.010000000000000024
2025-05-09 06:49:42.859739,5924948.68,5924960.3,5924946.73,5924951.37,888.12,100.0,-11.30550083948765,5687499.13,25009.709906734406,1,0.020000000000000004,0.010000000000000002
2025-05-09 10:49:42.859739,5949960.4,5949964.69,5949948.78,5949959.85,325.29,100.0,-11.882591523695737,5712495.2405,25009.96777053911,1,0.01999999999999995,0.010000000000000054
2025-05-09 14:49:42.859739,5974928.18,5974948.4,5974914.67,5974927.65,900.96,100.0,-13.98791852631257,5737490.891,25008.43792978637,1,0.02000000000000005,0.009999999999999946
2025-05-09 18:49:42.859739,5999974.27,5999989.71,5999960.92,5999978.04,996.16,100.0,-11.638167576806154,5762488.696,25012.268077658744,1,0.020000000000000014,0.010000000000000085
2025-05-09 22:49:42.859739,6024932.43,6024942.34,6024925.44,6024920.49,825.42,100.0,-13.48119079764001,5787477.727,25008.841786397392,1,0.02000000000000008,0.01000000000000004
2025-05-10 02:49:42.859739,6049919.13,6049942.65,6049921.56,6049933.48,844.87,100.0,-13.323124952439684,5812472.7245,25009.793087369017,1,0.019999999999999945,0.010000000000000049
2025-05-10 06:49:42.859739,6074952.96,6074961.48,6074950.39,6074943.94,249.01,100.0,-12.050193913892144,5837466.478,25011.09358112837,1,0.02000000000000001,0.010000000000000082
2025-05-10 10:49:42.859739,6099997.4,6100006.82,6099988.27,6099993.01,576.7,100.0,-7.653751288104104,5862466.828500001,25014.792611047767,1,0.02,0.010000000000000077
2025-05-10 14:49:42.859739,6124937.13,6124936.11,6124921.27,6124932.18,67.26,100.0,-8.526137706299778,5887465.0615,25009.67171025868,1,0.02000000000000001,0.010000000000000005
2025-05-10 18:49:42.859739,6149923.01,6149932.71,6149898.84,6149920.55,94.92,100.0,-9.495930305449292,5912459.8155,25009.018730954507,1,0.020000000000000052,0.010000000000000026
2025-05-10 22:49:42.859739,6174898.03,6174896.41,6174876.43,6174885.87,998.89,100.0,-11.925291085062781,5937452.5445,25006.650250172068,1,0.02000000000000007,0.009999999999999959
2025-05-11 02:49:42.859739,6199863.49,6199877.71,6199845.87,6199863.5,326.64,100.0,-14.329354226152645,5962447.1155,25005.592375159766,1,0.020000000000000077,0.009999999999999964
2025-05-11 06:49:42.859739,6224949.11,6224965.11,6224933.7,6224959.59,748.18,100.0,-8.999036381806945,5987448.34,25012.450776934093,1,0.020000000000000025,0.010000000000000012
2025-05-11 10:49:42.859739,6249961.41,6249983.89,6249956.41,6249962.9,806.67,100.0,-5.000874670484336,6012447.913,25013.297150010214,1,0.02000000000000006,0.009999999999999955
2025-05-11 14:49:42.859739,6274908.82,6274907.39,6274901.46,6274907.62,858.02,100.0,-5.774951776344096,6037446.795,25008.382353580866,1,0.020000000000000004,0.010000000000000002
2025-05-11 18:49:42.859739,6299953.6,6299958.63,6299934.42,6299949.25,997.63,100.0,-3.3018652341270354,6062446.486,25011.427185467932,1,0.020000000000000052,0.009999999999999953
2025-05-11 22:49:42.859739,6325060.03,6325063.93,6325045.26,6325060.8,241.5,100.0,5.546493963804096,6087452.5649999995,25018.802386505915,1,0.020000000000000004,0.010000000000000002
2025-05-12 02:49:42.859739,6350103.91,6350117.5,6350099.08,6350110.39,40.35,100.0,13.960120910778642,6112462.304500001,25021.509358898362,1,0.019999999999999997,0.010000000000000071
2025-05-12 06:49:42.859739,6375028.92,6375036.08,6375032.11,6375031.12,411.19,100.0,13.404847778379917,6137462.260500001,25014.66511897708,1,0.019999999999999962,0.010000000000000054
2025-05-12 10:49:42.859739,6400015.38,6400028.85,6400001.17,6400012.55,130.08,100.0,11.100330002605915,6162460.2075,25013.455467621538,1,0.020000000000000025,0.010000000000000012
2025-05-12 14:49:42.859739,6425073.26,6425084.54,6425064.25,6425082.48,22.43,100.0,13.442789552354952,6187466.763,25017.636505648585,1,0.020000000000000018,0.010000000000000082
2025-05-12 18:49:42.859739,6450041.48,6450044.19,6450020.78,6450037.12,360.43,100.0,11.186911565484479,6212470.6265,25013.64175524511,1,0.01999999999999998,0.00999999999999999
2025-05-12 22:49:42.859739,6475060.41,6475068.21,6475049.33,6475063.87,783.74,100.0,10.74353605005308,6237477.4375,25014.888058441877,1,0.020000000000000004,0.010000000000000002
2025-05-13 02:49:42.859739,6500099.15,6500107.94,6500091.39,6500092.53,566.18,100.0,11.556849492772017,6262483.162,25016.972482838904,1,0.020000000000000073,0.010000000000000037
2025-05-13 06:49:42.859739,6525057.34,6525064.66,6525033.12,6525047.87,312.78,100.0,8.40974448400084,6287489.531,25013.769448350406,1,0.01999999999999996,0.00999999999999998
2025-05-13 10:49:42.859739,6550047.1,6550059.99,6550047.46,6550052.04,654.34,100.0,6.042351378215244,6312495.459,25013.6516306111,1,0.020000000000000084,0.00999999999999997
2025-05-13 14:49:42.859739,6574888.09,6574906.0,6574879.16,6574895.03,232.02,100.0,-6.012133549840655,6337493.013499999,25002.245085567447,1,0.020000000000000042,0.00999999999999995
2025-05-13 18:49:42.859739,6599834.08,6599846.33,6599835.55,6599838.17,14.38,100.0,-17.101342043984914,6362485.2715,24998.606150884043,1,0.02000000000000008,0.009999999999999969
2025-05-13 22:49:42.859739,6624821.59,6624843.61,6624808.97,6624822.2,764.35,100.0,-24.355737644567853,6387479.7725,24999.094282963782,1,0.02000000000000002,0.01000000000000001
2025-05-14 02:49:42.859739,6649759.83,6649778.4,6649743.01,6649761.37,623.74,100.0,-31.633608157455456,6412471.8135,24996.03040560924,1,0.02000000000000003,0.009999999999999945
2025-05-14 06:49:42.859739,6674844.11,6674847.17,6674837.39,6674836.74,762.3,100.0,-29.780609088164056,6437469.357,25002.442519494278,1,0.019999999999999962,0.009999999999999981
2025-05-14 10:49:42.859739,6699769.09,6699790.1,6699754.32,6699774.51,38.94,100.0,-31.015129642328247,6462464.907500001,24998.936625244645,1,0.019999999999999983,0.009999999999999992
2025-05-14 14:49:42.859739,6724755.77,6724751.81,6724743.64,6724753.9,837.12,100.0,-31.393351150880335,6487454.623,24997.39115201287,1,0.019999999999999962,0.009999999999999981
2025-05-14 18:49:42.859739,6749751.55,6749772.37,6749737.81,6749753.76,619.53,100.0,-29.8371346348722,6512444.166,24998.896784011933,1,0.01999999999999998,0.010000000000000057
2025-05-14 22:49:42.859739,6774827.15,6774835.7,6774813.01,6774825.74,563.4,100.0,-22.47949450224405,6537440.072,25004.828442296825,1,0.02,0.01000000000000007
2025-05-15 02:49:42.859739,6799754.1,6799773.85,6799740.2,6799757.62,624.61,100.0,-20.76095347959199,6562430.4905,25000.777124989865,1,0.020000000000000004,0.010000000000000002
2025-05-15 06:49:42.859739,6824821.69,6824831.81,6824814.09,6824812.27,864.43,100.0,-14.784766291209962,6587418.064,25006.020901776268,1,0.020000000000000056,0.010000000000000028
2025-05-15 10:49:42.859739,6849815.95,6849831.08,6849795.71,6849814.63,586.94,100.0,-9.75657874715398,6612403.276000001,25006.934408792287,1,0.020000000000000042,0.010000000000000021
2025-05-15 14:49:42.859739,6874771.05,6874781.69,6874751.35,6874776.39,580.95,100.0,-8.154924847913207,6637390.5395,25004.08623673573,1,0.020000000000000042,0.009999999999999953
2025-05-15 18:49:42.859739,6899781.57,6899795.09,6899782.9,6899787.76,990.68,100.0,-5.600336172268726,6662379.3,25005.130076968904,1,0.02000000000000007,0.010000000000000035
2025-05-15 22:49:42.859739,6924800.28,6924800.56,6924782.36,6924797.15,756.73,100.0,-2.6959768761880696,6687365.0335,25005.677928613968,1,0.019999999999999993,0.009999999999999997
2025-05-16 02:49:42.859739,6949773.38,6949777.0,6949763.31,6949765.7,442.29,100.0,-2.3248081591154914,6712351.4625,25003.83307657009,1,0.020000000000000035,0.00999999999999995
2025-05-16 06:49:42.859739,6974772.84,6974775.9,6974754.97,6974776.15,707.4,100.0,-0.8815926754614338,6737337.0765,25004.287856815095,1,0.020000000000000004,0.010000000000000002
2025-05-16 10:49:42.859739,6999758.49,6999767.06,6999750.91,6999752.25,389.23,100.0,-1.0322222124086693,6762320.0625,25003.332295613964,1,0.01999999999999999,0.009999999999999995
2025-05-16 14:49:42.859739,7024756.25,7024765.76,7024744.76,7024755.59,228.88,100.0,-0.4332008742785547,6787305.4485,25004.059274498664,1,0.02000000000000001,0.010000000000000005
2025-05-16 18:49:42.859739,7049798.99,7049811.45,7049781.13,7049798.55,596.85,100.0,3.1337286122725345,6812292.774000001,25007.75932632021,1,0.019999999999999987,0.01000000000000006
2025-05-16 22:49:42.859739,7074882.74,7074884.06,7074869.31,7074878.34,928.18,100.0,10.717163247667486,6837291.939499999,25013.31294586875,1,0.02000000000000002,0.01000000000000001
2025-05-17 02:49:42.859739,7099807.54,7099825.8,7099804.51,7099806.35,929.14,100.0,10.709857725829352,6862290.3485,25008.60916402098,1,0.020000000000000046,0.010000000000000023
2025-05-17 06:49:42.859739,7124913.78,7124918.65,7124915.76,7124906.67,341.91,100.0,16.91721801928361,6887294.572,25016.01565230525,1,0.01999999999999996,0.010000000000000044
2025-05-17 10:49:42.859739,7149825.67,7149835.64,7149809.02,7149823.44,527.68,100.0,14.942120408290066,6912297.6755,25009.798105711998,1,0.019999999999999987,0.01000000000000006
2025-05-17 14:49:42.859739,7174818.71,7174829.27,7174804.79,7174807.39,211.64,100.0,12.19516912297695,6937296.208,25009.51466958965,1,0.020000000000000056,0.010000000000000028
2025-05-17 18:49:42.859739,7199837.61,7199849.97,7199828.26,7199844.18,995.63,100.0,12.452764733199729,6962299.691499999,25011.87647890468,1,0.020000000000000042,0.010000000000000021
2025-05-17 22:49:42.859739,7224852.18,7224866.4,7224848.33,7224844.43,981.12,100.0,12.219768736104015,6987304.218,25012.615301840106,1,0.020000000000000025,0.009999999999999948
2025-05-18 02:49:42.859739,7249821.73,7249838.44,7249817.14,7249827.6,649.51,100.0,10.573636436864035,7012307.909999999,25011.28635170872,1,0.02000000000000002,0.009999999999999946
2025-05-18 06:49:42.859739,7274806.01,7274816.23,7274797.87,7274806.68,804.41,100.0,7.842956953507382,7037306.957,25009.668040872442,1,0.020000000000000042,0.010000000000000021
2025-05-18 10:49:42.859739,7299783.49,7299798.14,7299787.12,7299791.74,715.1,100.0,4.939404982171254,7062308.663,25008.36746652441,1,0.020000000000000042,0.009999999999999957
2025-05-18 14:49:42.859739,7324753.6,7324766.59,7324740.56,7324758.69,593.16,100.0,0.9127130814013071,7087305.983999999,25005.973361772638,1,0.019999999999999997,0.010000000000000063
2025-05-18 18:49:42.859739,7349797.26,7349804.02,7349784.05,7349796.33,53.35,100.0,0.9023350721690804,7112305.069,25008.784550217388,1,0.019999999999999983,0.009999999999999992
2025-05-18 22:49:42.859739,7374818.77,7374826.3,7374805.59,7374816.91,454.76,100.0,2.319062885828316,7137307.095000001,25010.297796630413,1,0.020000000000000014,0.010000000000000071
2025-05-19 02:49:42.859739,7399785.47,7399785.67,7399772.44,7399787.73,674.79,100.0,1.3751532025635242,7162307.093499999,25007.330811156797,1,0.020000000000000077,0.009999999999999974
2025-05-19 06:49:42.859739,7424837.03,7424829.8,7424811.44,7424829.81,677.53,100.0,3.54563544690609,7187308.7265,25009.81218178841,1,0.020000000000000066,0.010000000000000033
2025-05-19 10:49:42.859739,7449839.66,7449847.35,7449840.94,7449847.57,373.12,100.0,5.994251145428279,7212312.82,25010.364168803524,1,0.02000000000000008,0.01000000000000004
2025-05-19 14:49:42.859739,7474890.21,7474904.55,7474883.71,7474895.17,941.69,100.0,10.379492000036407,7237318.771,25013.69387103181,1,0.020000000000000025,0.010000000000000012
2025-05-19 18:49:42.859739,7499915.7,7499927.76,7499911.98,7499908.95,167.36,100.0,13.566720060480293,7262326.605999999,25015.04359452953,1,0.020000000000000063,0.009999999999999969
2025-05-19 22:49:42.859739,7524875.07,7524894.64,7524859.43,7524883.41,500.36,100.0,13.295745308278129,7287332.9969999995,25012.946909205955,0,0.020000000000000025,0.00999999999999995
2025-05-20 02:49:42.859739,7549850.69,7549855.96,7549846.62,7549847.83,690.88,100.0,10.200407936965348,7312335.461,25010.06141569123,0,0.02000000000000002,0.009999999999999948
2025-05-20 06:49:42.859739,7574879.06,7574890.91,7574873.02,7574880.18,697.14,100.0,9.808962602750398,7337335.553,25012.419885999003,0,0.020000000000000004,0.010000000000000064
2025-05-20 10:49:42.859739,7599917.11,7599925.32,7599895.29,7599908.54,648.64,100.0,10.855795536655933,7362340.6625,25014.75703699912,0,0.020000000000000056,0.010000000000000028
2025-05-20 14:49:42.859739,7624914.98,7624922.94,7624897.04,7624913.21,275.29,100.0,11.212653702852549,7387340.989499999,25014.73153435635,0,0.02000000000000001,0.010000000000000005
2025-05-20 18:49:42.859739,7649922.48,7649922.13,7649909.59,7649924.63,156.21,100.0,11.523555282328743,7412346.049,25014.31642475946,0,0.02000000000000006,0.009999999999999969
2025-05-20 22:49:42.859739,7674985.35,7674996.72,7674982.63,7674983.26,635.94,100.0,14.775921583757736,7437354.842499999,25018.443108705203,0,0.019999999999999962,0.010000000000000042
2025-05-21 02:49:42.859739,7699966.6,7699958.64,7699937.69,7699961.88,599.3,100.0,14.561717975593638,7462360.727500001,25015.36717236911,0,0.020000000000000073,0.010000000000000037
2025-05-21 06:49:42.859739,7724978.49,7724994.07,7724969.7,7724974.42,179.36,100.0,14.317470469832188,7487367.227,25016.568802914204,0,0.020000000000000018,0.00999999999999995
2025-05-21 10:49:42.859739,7749968.91,7749984.57,7749969.27,7749971.51,705.14,100.0,13.048580571514321,7512374.422499999,25016.110316991788,0,0.02000000000000004,0.009999999999999959
2025-05-21 14:49:42.859739,7774957.57,7774963.72,7774958.81,7774954.42,455.17,100.0,10.269307149545057,7537381.8094999995,25014.403151492374,0,0.019999999999999973,0.010000000000000045
2025-05-21 18:49:42.859739,7800012.84,7800016.85,7799997.43,7800017.44,667.76,100.0,11.778075922251446,7562393.094500001,25017.83364067147,0,0.019999999999999973,0.009999999999999986
2025-05-21 22:49:42.859739,7825053.71,7825072.51,7825043.51,7825061.33,837.37,100.0,14.647737790626707,7587408.2265,25020.493380623462,0,0.019999999999999962,0.01000000000000004
2025-05-22 02:49:42.859739,7850103.51,7850106.76,7850080.98,7850095.46,169.73,100.0,17.563703112886287,7612423.183,25022.274567721764,0,0.020000000000000073,0.009999999999999978
2025-05-22 06:49:42.859739,7875169.94,7875164.01,7875145.26,7875149.82,19.14,100.0,21.606830928940326,7637439.8285,25025.579955741625,0,0.020000000000000066,0.010000000000000033
2025-05-22 10:49:42.859739,7900161.04,7900183.79,7900152.46,7900164.89,779.1,100.0,23.587852568540256,7662458.686500001,25026.179244617204,0,0.01999999999999998,0.010000000000000049
2025-05-22 14:49:42.859739,7925193.83,7925199.15,7925187.64,7925200.17,609.7,100.0,25.40853107807925,7687477.2045,25026.756441430312,0,0.019999999999999976,0.009999999999999988
2025-05-22 18:49:42.859739,7950184.83,7950196.38,7950173.87,7950184.5,699.64,100.0,23.72384549002163,7712494.050999999,25024.574552756716,0,0.020000000000000052,0.009999999999999967
2025-05-22 22:49:42.859739,7975195.92,7975218.36,7975192.35,7975204.86,838.15,100.0,22.17565858270973,7737509.5355,25025.237798988404,0,0.019999999999999966,0.01000000000000004
2025-05-23 02:49:42.859739,8000195.34,8000196.96,8000183.49,8000186.82,802.81,100.0,18.293043817568105,7762523.4290000005,25022.870813346348,0,0.019999999999999976,0.010000000000000047
2025-05-23 06:49:42.859739,8025198.04,8025199.87,8025181.55,8025200.43,960.92,100.0,15.128923491516616,7787539.279999999,25022.169326678737,0,0.02000000000000004,0.01000000000000002
2025-05-23 10:49:42.859739,8050219.21,8050229.21,8050214.75,8050232.75,535.94,100.0,13.740556588716572,7812558.526000001,25022.641517630276,0,0.02000000000000003,0.009999999999999959
2025-05-23 14:49:42.859739,8075193.61,8075191.94,8075168.02,8075176.98,488.5,100.0,7.884962503856514,7837573.365999999,25018.109266371,0,0.019999999999999973,0.009999999999999986
2025-05-23 18:49:42.859739,8100299.47,8100292.51,8100281.63,8100292.09,401.89,100.0,10.423547852085903,7862592.543500001,25025.067890201597,0,0.020000000000000063,0.010000000000000031
2025-05-23 22:49:42.859739,8125237.13,8125254.04,8125228.05,8125237.67,153.69,100.0,7.247599486436229,7887608.766499999,25020.559469472926,0,0.019999999999999976,0.009999999999999988
2025-05-24 02:49:42.859739,8150177.55,8150180.73,8150166.86,8150179.08,572.61,100.0,0.37374215660383925,7912621.489,25015.02379308204,0,0.020000000000000018,0.009999999999999952
2025-05-24 06:49:42.859739,8175238.82,8175247.58,8175225.56,8175239.13,277.01,100.0,-0.8870781116711441,7937634.282500001,25018.843522147607,0,0.020000000000000063,0.010000000000000031
2025-05-24 10:49:42.859739,8200278.64,8200296.91,8200262.92,8200274.54,921.31,100.0,-0.1341066149470862,7962649.915499998,25021.624699137083,0,0.019999999999999976,0.010000000000000044
2025-05-24 14:49:42.859739,8225311.47,8225324.46,8225303.43,8225304.8,583.19,100.0,1.5132432227255777,7987666.4344999995,25023.645792055857,0,0.01999999999999999,0.01000000000000005
2025-05-24 18:49:42.859739,8250349.65,8250351.9,8250329.35,8250339.77,592.84,100.0,3.9319474861840717,8012684.847500001,25025.321092623337,0,0.01999999999999991,0.009999999999999955
2025-05-24 22:49:42.859739,8275338.1,8275345.11,8275336.9,8275333.55,354.92,100.0,4.069718009734061,8037703.804,25023.893871721724,0,0.020000000000000125,0.010000000000000005
2025-05-25 02:49:42.859739,8300290.13,8300306.6,8300286.43,8300288.69,51.99,100.0,0.2954310550703667,8062717.3665,25020.262166598728,0,0.019999999999999952,0.010000000000000033
2025-05-25 06:49:42.859739,8325291.01,8325308.45,8325288.16,8325301.31,31.74,100.0,-2.065437409328297,8087729.3655,25020.226297555946,0,0.019999999999999914,0.010000000000000012
2025-05-25 10:49:42.859739,8350260.4,8350272.57,8350251.01,8350258.31,423.34,100.0,-6.961472832597792,8112737.507999999,25016.728704873432,0,0.019999999999999983,0.010000000000000049
2025-05-25 14:49:42.859739,8375312.64,8375315.42,8375293.8,8375316.14,84.57,100.0,-6.7392418771923985,8137745.824000001,25019.61308309678,0,0.020000000000000025,0.009999999999999957
2025-05-25 18:49:42.859739,8400314.43,8400323.19,8400293.44,8400307.77,606.85,100.0,-7.529999675316503,8162752.967999999,25018.715720018427,0,0.020000000000000063,0.010000000000000031
2025-05-25 22:49:42.859739,8425261.59,8425273.18,8425249.31,8425255.55,880.97,100.0,-11.695468535355758,8187755.737000001,25014.90816858855,0,0.01999999999999995,0.009999999999999974
2025-05-26 02:49:42.859739,8450249.23,8450252.0,8450237.99,8450244.72,882.91,100.0,-15.08971070550615,8212758.748000001,25013.589727975028,0,0.020000000000000066,0.010000000000000033
2025-05-26 06:49:42.859739,8475268.68,8475276.11,8475256.08,8475274.73,659.05,100.0,-15.181925250275526,8237762.2415,25014.861175976723,0,0.019999999999999983,0.0100000000000001
2025-05-26 10:49:42.859739,8500246.51,8500248.85,8500239.15,8500235.67,211.23,100.0,-17.572942173545016,8262764.684,25011.951091978324,0,0.020000000000000084,0.009999999999999933
2025-05-26 14:49:42.859739,8525212.1,8525216.01,8525194.37,8525197.14,863.0,100.0,-21.205587181815645,8287764.5194999995,25009.693156837002,0,0.020000000000000035,0.010000000000000018
2025-05-26 18:49:42.859739,8550208.99,8550226.32,8550204.41,8550213.96,886.09,100.0,-21.845391850627493,8312763.58,25011.085074205766,0,0.020000000000000077,0.00999999999999993
2025-05-26 22:49:42.859739,8575221.45,8575239.28,8575214.44,8575227.81,196.65,100.0,-20.715550952940248,8337766.1215,25012.10185461953,0,0.019999999999999945,0.01000000000000008
2025-05-27 02:49:42.859739,8600203.77,8600198.77,8600197.63,8600197.29,737.43,100.0,-21.320133437489858,8362761.3815,25009.163150718065,0,0.020000000000000094,0.00999999999999994
2025-05-27 06:49:42.859739,8625178.4,8625183.32,8625172.19,8625172.01,286.52,100.0,-22.597128227440407,8387758.098500001,25007.510782809717,0,0.020000000000000115,0.010000000000000057
2025-05-27 10:49:42.859739,8650195.83,8650196.22,8650181.06,8650193.71,802.64,100.0,-21.17897857510252,8412758.83,25008.70358403766,0,0.01999999999999994,0.010000000000000078
2025-05-27 14:49:42.859739,8675117.11,8675114.58,8675094.76,8675122.89,997.24,100.0,-24.00204542852589,8437753.018000001,25002.42975660634,0,0.020000000000000104,0.010000000000000052
2025-05-27 18:49:42.859739,8700042.02,8700049.02,8700037.19,8700048.71,30.03,100.0,-29.49515662653721,8462741.7265,24996.979773991527,0,0.02000000000000011,0.009999999999999948
2025-05-27 22:49:42.859739,8725010.85,8725023.1,8724998.26,8725008.32,897.37,100.0,-34.150217637681635,8487726.9025,24995.366218706327,0,0.020000000000000052,0.010000000000000026
2025-05-28 02:49:42.859739,8750002.77,8749999.97,8749993.3,8749993.18,622.63,100.0,-36.346747769624926,8512709.572999999,24995.100774513045,0,0.020000000000000084,0.010000000000000042
2025-05-28 06:49:42.859739,8775016.87,8775023.48,8775000.55,8775008.62,973.38,100.0,-34.85278689014376,8537693.3265,24997.615004905023,0,0.019999999999999952,0.010000000000000083
2025-05-28 10:49:42.859739,8800089.07,8800090.84,8800080.92,8800089.15,465.01,100.0,-26.890685347403632,8562683.3495,25003.658218840428,0,0.01999999999999998,0.00999999999999999
2025-05-28 14:49:42.859739,8825134.75,8825129.66,8825125.28,8825131.51,847.39,100.0,-17.666495984449284,8587674.8595,25006.290488923238,0,0.020000000000000056,0.009999999999999922
2025-05-28 18:49:42.859739,8850127.27,8850126.25,8850111.09,8850128.43,62.39,100.0,-10.994410799467005,8612668.3655,25005.465454000165,0,0.020000000000000094,0.009999999999999941
2025-05-28 22:49:42.859739,8875127.38,8875139.99,8875120.36,8875123.73,335.28,100.0,-6.350022931117564,8637658.745000001,25005.900778714476,0,0.020000000000000035,0.009999999999999912
2025-05-29 02:49:42.859739,8900073.59,8900086.38,8900070.19,8900062.83,67.02,100.0,-6.792102663603146,8662646.498,25002.811437377757,0,0.019999999999999997,0.009999999999999998
2025-05-29 06:49:42.859739,8925068.59,8925088.61,8925065.04,8925074.68,975.34,100.0,-5.740891579422168,8687637.4545,25004.452048993582,0,0.019999999999999966,0.009999999999999983
2025-05-29 10:49:42.859739,8950055.72,8950064.75,8950054.25,8950050.0,816.97,100.0,-6.1269955679017585,8712627.7185,25003.424759779773,0,0.02,0.01
2025-05-29 14:49:42.859739,8975077.16,8975073.32,8975068.96,8975069.2,852.55,100.0,-4.579456839506747,8737617.442,25004.845848366956,0,0.01999999999999996,0.00999999999999998
2025-05-29 18:49:42.859739,9000025.68,9000040.72,9000022.99,9000031.01,937.97,100.0,-5.5531310735677835,8762607.209,25002.465430626562,0,0.02000000000000008,0.01000000000000004
2025-05-29 22:49:42.859739,9025057.57,9025064.82,9025039.68,9025065.71,85.1,100.0,-3.3916849090601318,8787600.6375,25004.704328438987,0,0.02000000000000009,0.009999999999999943
2025-05-30 02:49:42.859739,9050130.4,9050149.25,9050120.93,9050147.92,385.6,100.0,3.6611949453363195,8812597.3355,25010.33544783614,0,0.019999999999999987,0.009999999999999993
2025-05-30 06:49:42.859739,9075127.07,9075128.89,9075116.68,9075129.96,71.03,100.0,7.009247070993297,8837592.443,25008.23791584789,0,0.020000000000000108,0.00999999999999995
2025-05-30 10:49:42.859739,9100153.41,9100156.78,9100141.14,9100146.1,210.79,100.0,10.01988136980799,8862589.8835,25009.565207572927,0,0.020000000000000028,0.009999999999999912
2025-05-30 14:49:42.859739,9125182.48,9125184.52,9125162.89,9125184.19,229.37,100.0,14.039166671253042,8887590.492500002,25011.626264174854,0,0.020000000000000077,0.010000000000000038
2025-05-30 18:49:42.859739,9150161.69,9150167.95,9150153.52,9150165.9,469.11,100.0,14.849919315427542,8912589.102000002,25009.63581673378,0,0.019999999999999997,0.009999999999999998
2025-05-30 22:49:42.859739,9175165.87,9175187.41,9175170.92,9175171.06,268.56,100.0,15.069803103804588,8937591.510499999,25010.483972681348,0,0.019999999999999973,0.009999999999999986
2025-05-31 02:49:42.859739,9200177.03,9200182.82,9200160.95,9200182.27,100.98,100.0,15.259564805019181,8962598.1885,25010.575117489807,0,0.02000000000000008,0.00999999999999994
2025-05-31 06:49:42.859739,9225181.41,9225185.7,9225175.9,9225179.33,167.49,100.0,14.482699366781162,8987606.739,25010.0647519548,0,0.020000000000000004,0.010000000000000103
2025-05-31 10:49:42.859739,9250150.34,9250147.42,9250132.62,9250142.02,147.28,100.0,10.914273226662772,9012614.181,25007.066555386587,0,0.02000000000000011,0.009999999999999955
2025-05-31 14:49:42.859739,9275139.21,9275149.94,9275130.61,9275144.08,973.08,100.0,8.270839302247623,9037620.954,25007.12751571611,0,0.019999999999999997,0.009999999999999998
2025-05-31 18:49:42.859739,9300166.75,9300181.35,9300148.17,9300167.76,759.29,100.0,7.70663272915408,9062624.8845,25009.280550307787,0,0.02000000000000001,0.010000000000000005
2025-05-31 22:49:42.859739,9325239.46,9325256.05,9325228.34,9325242.41,967.76,100.0,11.710443570831558,9087630.4295,25014.92408242873,0,0.020000000000000087,0.010000000000000044
2025-06-01 02:49:42.859739,9350294.06,9350305.28,9350272.13,9350283.09,439.74,100.0,16.172936340852175,9112638.1625,25018.34879082662,0,0.020000000000000087,0.010000000000000044
2025-06-01 06:49:42.859739,9375393.36,9375409.57,9375373.98,9375391.04,278.37,100.0,24.945143662422197,9137651.527999999,25026.072448624753,0,0.020000000000000087,0.009999999999999945
2025-06-01 10:49:42.859739,9400356.86,9400361.77,9400352.84,9400349.97,798.29,100.0,26.391779679077445,9162665.885,25022.11941658016,0,0.020000000000000108,0.010000000000000054
2025-06-01 14:49:42.859739,9425402.12,9425412.84,9425393.59,9425401.28,326.25,100.0,29.006378051039064,9187682.215,25025.03017253866,0,0.019999999999999934,0.010000000000000064
2025-06-01 18:49:42.859739,9450409.18,9450417.0,9450400.36,9450412.14,299.38,100.0,29.568435128137935,9212700.322,25024.36516021452,0,0.02000000000000011,0.010000000000000056
2025-06-01 22:49:42.859739,9475515.51,9475522.83,9475509.3,9475520.03,232.51,100.0,34.939370600361144,9237722.8635,25030.53122019916,0,0.019999999999999934,0.010000000000000064
2025-06-02 02:49:42.859739,9500478.3,9500494.14,9500469.1,9500485.7,129.68,100.0,33.887082533416105,9262745.598,25026.501133042166,0,0.01999999999999997,0.010000000000000082
2025-06-02 06:49:42.859739,9525440.71,9525436.11,9525417.19,9525435.31,256.46,100.0,27.761857872799737,9287764.078,25021.066052110593,0,0.019999999999999987,0.009999999999999993
2025-06-02 10:49:42.859739,9550400.24,9550423.4,9550391.09,9550408.71,355.32,100.0,20.23305656609591,9312777.1175,25018.710619816968,0,0.020000000000000025,0.009999999999999913
2025-06-02 14:49:42.859739,9575299.84,9575308.4,9575287.02,9575293.72,673.99,100.0,6.532234281563433,9337785.305499999,25010.209146972862,0,0.020000000000000104,0.010000000000000052
2025-06-02 18:49:42.859739,9600269.39,9600285.63,9600266.7,9600270.95,62.56,100.0,-4.448494763462804,9362791.547999999,25008.90206504624,0,0.019999999999999976,0.009999999999999988
2025-06-02 22:49:42.859739,9625240.9,9625248.12,9625218.45,9625238.41,210.51,100.0,-13.76205365761416,9387794.259,25006.635488971504,0,0.020000000000000077,0.009999999999999941
2025-06-03 02:49:42.859739,9650234.83,9650260.35,9650223.35,9650246.69,809.02,100.0,-18.90602691049571,9412798.2985,25007.728668330645,0,0.020000000000000073,0.010000000000000037
2025-06-03 06:49:42.859739,9675256.74,9675272.27,9675243.11,9675258.07,146.92,100.0,-20.92600366732222,9437802.649,25009.00376344989,0,0.019999999999999962,0.010000000000000077
2025-06-03 10:49:42.859739,9700355.23,9700365.62,9700353.31,9700352.99,342.65,100.0,-15.50300719201914,9462811.184999999,25016.042780346248,0,0.020000000000000087,0.009999999999999948
2025-06-03 14:49:42.859739,9725408.69,9725402.2,9725388.14,9725393.28,864.66,100.0,-9.150206209596945,9487821.882499998,25018.411867464303,0,0.02000000000000011,0.010000000000000056
2025-06-03 18:49:42.859739,9750371.69,9750382.39,9750371.0,9750370.24,154.93,100.0,-6.568363579717698,9512833.2935,25016.31887693123,0,0.019999999999999966,0.010000000000000078
2025-06-03 22:49:42.859739,9775324.33,9775330.1,9775321.95,9775331.55,82.74,100.0,-7.469204855558928,9537842.667,25012.286100007528,0,0.020000000000000098,0.010000000000000049
2025-06-04 02:49:42.859739,9800361.1,9800366.45,9800350.51,9800354.57,484.54,100.0,-6.5504894833720755,9562852.0075,25013.90137857831,0,0.01999999999999993,0.010000000000000061
2025-06-04 06:49:42.859739,9825278.45,9825295.93,9825273.61,9825288.19,302.42,100.0,-10.229841086256783,9587854.296500001,25008.71985153696,0,0.02000000000000008,0.009999999999999945
2025-06-04 10:49:42.859739,9850366.26,9850390.86,9850363.53,9850377.51,563.41,100.0,-6.638568165304605,9612859.0175,25015.43057642717,0,0.020000000000000042,0.010000000000000021
2025-06-04 14:49:42.859739,9875438.43,9875437.06,9875433.94,9875436.27,803.8,100.0,-0.613606276048813,9637861.279000001,25018.58196382528,0,0.020000000000000084,0.010000000000000042
2025-06-04 18:49:42.859739,9900410.26,9900414.47,9900405.09,9900409.47,137.15,100.0,1.1620654686703347,9662864.254,25015.69753783784,0,0.02000000000000005,0.00999999999999993
2025-06-04 22:49:42.859739,9925322.01,9925341.44,9925317.99,9925330.61,580.7,100.0,-3.143715334008448,9687860.720500002,25009.71699942077,0,0.01999999999999994,0.00999999999999997
2025-06-05 02:49:42.859739,9950398.35,9950396.25,9950387.43,9950396.91,505.51,100.0,-1.7645793876727112,9712859.959,25013.711499462188,0,0.020000000000000066,0.010000000000000033
2025-06-05 06:49:42.859739,9975390.3,9975390.51,9975386.66,9975391.54,144.08,100.0,-1.4643344777286984,9737853.5345,25012.27496378629,0,0.02000000000000006,0.01000000000000003
2025-06-05 10:49:42.859739,10000448.15,10000451.21,10000442.59,10000448.34,624.0,100.0,2.114824774063891,9762851.6665,25015.66032351597,0,0.020000000000000052,0.010000000000000026
2025-06-05 14:49:42.859739,10025364.85,10025390.38,10025356.23,10025360.48,273.64,100.0,-1.675164793181466,9787847.925,25010.40172897919,0,0.01999999999999997,0.010000000000000078
2025-06-05 18:49:42.859739,10050345.64,10050356.03,10050339.86,10050346.77,487.83,100.0,-5.149418747838354,9812844.828,25009.34089119488,0,0.019999999999999987,0.010000000000000085
2025-06-05 22:49:42.859739,10075344.8,10075348.61,10075339.94,10075339.15,82.27,100.0,-7.843263464310439,9837847.0995,25008.805113252376,0,0.019999999999999983,0.009999999999999992
2025-06-06 02:49:42.859739,10100343.4,10100349.82,10100336.8,10100339.58,459.58,100.0,-9.375138421572046,9862850.531,25008.938319448633,0,0.02000000000000001,0.010000000000000005
2025-06-06 06:49:42.859739,10125330.62,10125328.38,10125302.56,10125324.86,306.46,100.0,-11.043879596167244,9887854.8535,25007.499868059498,0,0.020000000000000104,0.010000000000000052
2025-06-06 10:49:42.859739,10150347.18,10150368.03,10150339.16,10150350.57,822.38,100.0,-10.105608312500408,9912860.0475,25010.047734626674,0,0.019999999999999928,0.009999999999999964
2025-06-06 14:49:42.859739,10175291.52,10175312.38,10175285.58,10175304.45,56.98,100.0,-12.143487924418878,9937862.3665,25006.60218215338,0,0.01999999999999997,0.010000000000000077
2025-06-06 18:49:42.859739,10200288.57,10200295.74,10200284.79,10200295.12,418.61,100.0,-13.564402924268506,9962859.473,25005.50845485678,0,0.020000000000000004,0.010000000000000094
2025-06-06 22:49:42.859739,10225297.82,10225301.53,10225286.17,10225301.47,458.43,100.0,-13.492552759795217,9987854.8825,25005.57285093845,0,0.02000000000000003,0.009999999999999926
2025-06-07 02:49:42.859739,10250324.99,10250325.74,10250323.57,10250316.94,725.01,100.0,-11.87606346362736,10012852.2175,25006.90836158567,0,0.020000000000000004,0.010000000000000092
2025-06-07 06:49:42.859739,10275358.14,10275372.56,10275346.63,10275365.41,574.29,100.0,-7.243112466763705,10037853.9105,25010.387764329622,0,0.019999999999999987,0.010000000000000083
2025-06-07 10:49:42.859739,10300304.88,10300318.41,10300284.85,10300304.42,667.21,100.0,-7.931341625371715,10062851.403,25006.28863830608,0,0.02000000000000007,0.009999999999999945
2025-06-07 14:49:42.859739,10325220.15,10325231.71,10325214.16,10325224.57,777.05,100.0,-13.104229314340046,10087848.222,25000.64587842714,0,0.019999999999999973,0.009999999999999986
2025-06-07 18:49:42.859739,10350297.51,10350290.71,10350272.82,10350291.01,862.2,100.0,-11.451089538721135,10112843.897,25005.324029968102,0,0.019999999999999997,0.009999999999999998
2025-06-07 22:49:42.859739,10375306.5,10375308.56,10375292.43,10375298.03,313.88,100.0,-9.372134541044943,10137836.985,25006.197313541863,0,0.01999999999999999,0.009999999999999995
2025-06-08 02:49:42.859739,10400275.07,10400288.84,10400267.08,10400271.53,538.02,100.0,-9.253076172521105,10162830.088,25005.09821971748,0,0.020000000000000052,0.009999999999999938
2025-06-08 06:49:42.859739,10425348.76,10425352.95,10425329.0,10425341.9,840.11,100.0,-4.165577549574664,10187830.6525,25010.549775451942,0,0.019999999999999952,0.009999999999999976
2025-06-08 10:49:42.859739,10450355.11,10450368.21,10450351.5,10450346.07,989.45,100.0,-0.4458870649978053,10212828.110499999,25011.67550577684,0,0.01999999999999994,0.00999999999999997
2025-06-08 14:49:42.859739,10475414.64,10475424.29,10475401.11,10475404.18,889.52,100.0,5.6648365076689515,10237828.7425,25016.42868393555,0,0.01999999999999996,0.00999999999999998
2025-06-08 18:49:42.859739,10500417.41,10500422.81,10500412.33,10500420.73,371.47,100.0,10.288705654733349,10262827.362,25016.58592079736,0,0.01999999999999998,0.00999999999999999
2025-06-08 22:49:42.859739,10525521.42,10525522.32,10525517.97,10525515.06,195.17,100.0,18.678540240449365,10287835.091,25022.657640740395,0,0.020000000000000052,0.009999999999999938
2025-06-09 02:49:42.859739,10550612.62,10550608.4,10550597.53,10550613.64,489.39,100.0,29.217652913503116,10312848.4345,25027.7063806875,0,0.020000000000000035,0.009999999999999929
2025-06-09 06:49:42.859739,10575594.51,10575605.83,10575587.62,10575590.85,741.64,100.0,32.73927095258841,10337861.019499999,25025.169496352642,0,0.019999999999999983,0.01000000000000008
2025-06-09 10:49:42.859739,10600645.65,10600657.6,10600632.38,10600633.57,492.57,100.0,35.783926004951354,10362875.719,25028.139532327452,0,0.019999999999999945,0.009999999999999972
2025-06-09 14:49:42.859739,10625673.92,10625687.25,10625662.83,10625668.79,483.18,100.0,37.80983276697225,10387892.9155,25029.963851446897,0,0.02000000000000005,0.009999999999999938
2025-06-09 18:49:42.859739,10650750.01,10650753.41,10650741.93,10650748.98,838.23,100.0,41.87471053923946,10412912.836,25033.867862057905,0,0.020000000000000104,0.010000000000000052
2025-06-09 22:49:42.859739,10675691.18,10675695.4,10675692.1,10675693.78,361.4,100.0,38.26877378960489,10437932.3025,25027.62158619662,0,0.02000000000000008,0.009999999999999953
2025-06-10 02:49:42.859739,10700737.87,10700748.23,10700717.69,10700726.12,859.79,100.0,35.54332428358612,10462953.852500001,25029.537901468368,0,0.0200000000000001,0.009999999999999964
2025-06-10 06:49:42.859739,10725781.58,10725797.76,10725774.92,10725782.58,406.8,100.0,34.970891315693734,10487977.908,25032.54519422067,0,0.019999999999999955,0.009999999999999978
2025-06-10 10:49:42.859739,10750686.69,10750699.7,10750679.26,10750696.35,328.23,100.0,26.592087100609206,10512996.8785,25024.300537490566,0,0.0200000000000001,0.01000000000000005
2025-06-10 14:49:42.859739,10775635.32,10775654.28,10775621.64,10775640.27,453.99,100.0,15.623125202488154,10538010.6215,25019.55978481265,0,0.020000000000000084,0.009999999999999955
2025-06-10 18:49:42.859739,10800529.32,10800544.76,10800515.81,10800539.96,762.45,100.0,0.747450224676868,10563022.3985,25011.340514468902,0,0.02000000000000002,0.009999999999999924
2025-06-10 22:49:42.859739,10825523.45,10825530.9,10825505.4,10825517.45,126.0,100.0,-10.833758709137328,10588037.0425,25009.883334863942,0,0.019999999999999952,0.009999999999999976
2025-06-11 02:49:42.859739,10850551.86,10850570.09,10850546.53,10850548.5,196.42,100.0,-16.300187640736112,10613049.917,25012.9373823737,0,0.020000000000000063,0.009999999999999945
2025-06-11 06:49:42.859739,10875628.01,10875646.48,10875616.79,10875628.18,951.44,100.0,-14.506827274657553,10638066.4245,25019.011855061322,0,0.02,0.01
2025-06-11 10:49:42.859739,10900624.5,10900647.08,10900628.44,10900635.25,175.49,100.0,-12.857919113594107,10663084.6105,25019.003865414114,0,0.020000000000000007,0.010000000000000089
2025-06-11 14:49:42.859739,10925713.12,10925717.94,10925709.25,10925710.56,567.73,100.0,-7.001766107889125,10688103.0435,25023.552875027355,0,0.020000000000000066,0.009999999999999946
2025-06-11 18:49:42.859739,10950634.26,10950653.14,10950630.6,10950641.59,579.31,100.0,-8.007236853183713,10713117.819500001,25017.769098239693,0,0.020000000000000066,0.009999999999999948
2025-06-11 22:49:42.859739,10975553.29,10975579.77,10975552.28,10975562.93,489.62,100.0,-13.860875046229921,10738125.757,25012.08416265112,0,0.020000000000000028,0.010000000000000014
2025-06-12 02:49:42.859739,11000562.23,11000562.92,11000542.46,11000558.19,644.75,100.0,-17.697399838565616,10763132.63,25011.220293890343,0,0.019999999999999934,0.010000000000000052
2025-06-12 06:49:42.859739,11025581.56,11025585.08,11025561.18,11025577.8,229.83,100.0,-18.474223989789607,10788135.767,25012.339558612504,0,0.019999999999999987,0.010000000000000078
2025-06-12 10:49:42.859739,11050578.13,11050584.64,11050558.85,11050572.21,552.66,100.0,-18.858663284627255,10813133.6955,25011.946732997316,0,0.01999999999999998,0.010000000000000075
2025-06-12 14:49:42.859739,11075467.79,11075481.41,11075454.29,11075471.47,372.17,100.0,-25.006278416112764,10838127.7265,25004.60768064031,0,0.020000000000000063,0.010000000000000031
2025-06-12 18:49:42.859739,11100467.93,11100480.43,11100459.55,11100463.55,661.67,100.0,-28.463322441268247,10863119.2255,25004.918560594502,0,0.019999999999999973,0.010000000000000071
2025-06-12 22:49:42.859739,11125402.93,11125421.81,11125396.57,11125407.4,141.22,100.0,-33.065796921553556,10888106.156,25001.58580626631,0,0.020000000000000004,0.010000000000000085
2025-06-13 02:49:42.859739,11150430.64,11150441.24,11150424.79,11150441.61,570.88,100.0,-32.30300795775838,10913090.7875,25003.889677247276,0,0.020000000000000007,0.010000000000000087
2025-06-13 06:49:42.859739,11175462.28,11175457.19,11175447.34,11175445.53,185.27,100.0,-30.07677441780106,10938078.375,25004.724700301045,0,0.02000000000000009,0.009999999999999962
2025-06-13 10:49:42.859739,11200412.15,11200411.72,11200395.74,11200403.12,278.64,100.0,-29.93810632036184,10963062.225,25001.97222170821,0,0.020000000000000018,0.010000000000000092
2025-06-13 14:49:42.859739,11225380.97,11225399.81,11225367.96,11225374.59,218.71,100.0,-30.161128838022705,10988041.8255,25001.594920157717,0,0.02000000000000008,0.009999999999999957
2025-06-13 18:49:42.859739,11250329.25,11250342.03,11250315.34,11250325.86,182.84,100.0,-31.819534311041934,11013023.301,24999.155283003554,0,0.020000000000000052,0.010000000000000026
2025-06-13 22:49:42.859739,11275327.02,11275331.7,11275318.49,11275325.56,825.71,100.0,-31.12746104298276,11038007.5655,24999.632762789002,0,0.019999999999999962,0.009999999999999981
2025-06-14 02:49:42.859739,11300363.53,11300390.05,11300370.4,11300366.49,285.71,100.0,-26.29628480284009,11062998.892,25004.265422589804,0,0.020000000000000035,0.009999999999999936
2025-06-14 06:49:42.859739,11325323.21,11325341.68,11325315.84,11325319.84,927.12,100.0,-24.65327369319857,11087989.011500001,25002.188606690495,0,0.02000000000000002,0.01000000000000001
2025-06-14 10:49:42.859739,11350346.24,11350366.58,11350346.8,11350344.63,969.93,100.0,-20.4793483800604,11112978.818,25005.37084906976,0,0.01999999999999999,0.009999999999999995
2025-06-14 14:49:42.859739,11375318.13,11375341.52,11375305.34,11375324.17,571.26,100.0,-17.778971846360946,11137963.6175,25004.765074136118,0,0.02000000000000002,0.009999999999999929
2025-06-14 18:49:42.859739,11400282.09,11400288.54,11400276.58,11400283.84,143.0,100.0,-17.371280449006008,11162946.047,25001.879711697762,0,0.019999999999999962,0.010000000000000063
2025-06-14 22:49:42.859739,11425287.13,11425293.24,11425275.05,11425274.53,374.55,100.0,-16.402754941984313,11187924.2455,25002.41687514795,0,0.020000000000000094,0.010000000000000047
2025-06-15 02:49:42.859739,11450229.59,11450235.59,11450225.87,11450227.26,797.73,100.0,-17.518614508240717,11212903.529,24999.46281263742,0,0.019999999999999966,0.010000000000000063
2025-06-15 06:49:42.859739,11475195.84,11475215.54,11475185.78,11475195.96,367.39,100.0,-18.82333449725411,11237885.180499999,24998.664040306125,0,0.01999999999999995,0.009999999999999974
2025-06-15 10:49:42.859739,11500141.67,11500153.37,11500126.07,11500137.45,87.02,100.0,-21.871609409805387,11262864.143499998,24995.71732314128,0,0.019999999999999987,0.010000000000000075
2025-06-15 14:49:42.859739,11525244.04,11525252.57,11525230.23,11525245.41,556.78,100.0,-15.179338843765436,11287847.524,25004.24608577412,0,0.019999999999999955,0.009999999999999978
2025-06-15 18:49:42.859739,11550243.43,11550251.93,11550237.37,11550245.51,845.12,100.0,-9.581479393847985,11312831.189,25004.408508218796,0,0.019999999999999983,0.009999999999999992
2025-06-15 22:49:42.859739,11575204.12,11575207.37,11575195.63,11575197.32,795.93,100.0,-8.022941527509829,11337817.4815,25001.36932906027,0,0.01999999999999998,0.010000000000000071
2025-06-16 02:49:42.859739,11600211.28,11600225.42,11600208.29,11600218.67,175.12,100.0,-4.621707059151959,11362805.2375,25003.278662698798,0,0.020000000000000073,0.009999999999999957
2025-06-16 06:49:42.859739,11625212.39,11625228.59,11625195.36,11625212.96,672.76,100.0,-1.9601765660045203,11387795.5155,25003.753043934594,0,0.020000000000000098,0.009999999999999967
2025-06-16 10:49:42.859739,11650199.82,11650216.6,11650185.74,11650192.11,220.5,100.0,-0.8635318140441086,11412783.0405,25003.744969367748,0,0.019999999999999987,0.009999999999999993
2025-06-16 14:49:42.859739,11675233.04,11675229.42,11675221.27,11675232.65,218.21,100.0,3.1145194894634187,11437772.3965,25006.142471555802,0,0.020000000000000073,0.010000000000000037
2025-06-16 18:49:42.859739,11700269.61,11700269.73,11700262.08,11700274.13,874.07,100.0,8.742934557405533,11462765.947,25008.35229501611,0,0.019999999999999976,0.009999999999999988
2025-06-16 22:49:42.859739,11725245.16,11725242.54,11725220.15,11725234.3,249.67,100.0,9.90177368131117,11487758.9325,25005.499273943406,0,0.020000000000000056,0.010000000000000028
2025-06-17 02:49:42.859739,11750208.44,11750225.64,11750202.04,11750206.53,263.25,100.0,8.94549381241086,11512752.966,25004.487897233153,0,0.019999999999999983,0.010000000000000071
2025-06-17 06:49:42.859739,11775203.95,11775213.72,11775183.6,11775202.46,0.65,100.0,8.205718149780296,11537746.811,25004.68090457374,0,0.020000000000000018,0.00999999999999993
2025-06-17 10:49:42.859739,11800083.26,11800086.54,11800079.46,11800083.63,870.67,100.0,0.298005797987571,11562732.668,24996.066554246914,0,0.02000000000000009,0.010000000000000045
2025-06-17 14:49:42.859739,11825016.89,11825016.63,11824996.8,11825009.27,792.59,100.0,-8.85060276009608,11587717.1395,24991.561800372136,0,0.019999999999999987,0.010000000000000073
2025-06-17 18:49:42.859739,11850071.41,11850091.67,11850074.3,11850076.56,627.33,100.0,-9.237451448396314,11612703.736,24998.050243202724,0,0.020000000000000084,0.009999999999999964
2025-06-17 22:49:42.859739,11875165.78,11875171.76,11875146.99,11875159.06,750.27,100.0,-3.12059885810595,11637695.480500001,25004.989511545333,0,0.01999999999999996,0.010000000000000057
2025-06-18 02:49:42.859739,11900145.64,11900155.5,11900125.37,11900138.02,152.05,100.0,0.15142373749404214,11662688.1895,25004.3788321492,0,0.02000000000000008,0.01000000000000004
2025-06-18 06:49:42.859739,11925170.22,11925185.29,11925165.8,11925178.72,458.32,100.0,5.408594614331378,11687683.399,25007.442486995653,0,0.02000000000000002,0.01000000000000001
2025-06-18 10:49:42.859739,11950186.62,11950199.21,11950188.26,11950194.89,351.22,100.0,10.056653815845493,11712681.7805,25008.374452210264,0,0.02000000000000003,0.009999999999999938
2025-06-18 14:49:42.859739,11975341.38,11975348.94,11975342.37,11975341.84,93.78,100.0,22.40242760296678,11737689.0745,25018.77984848088,0,0.019999999999999976,0.010000000000000066
2025-06-18 18:49:42.859739,12000401.09,12000410.27,12000391.21,12000398.75,486.13,100.0,33.12859178514918,11762702.139500001,25022.32628787508,0,0.01999999999999997,0.010000000000000063
2025-06-18 22:49:42.859739,12025395.18,12025406.35,12025389.37,12025384.91,920.74,100.0,37.68672631823574,11787709.1145,25021.274410169688,0,0.02000000000000004,0.009999999999999941
2025-06-19 02:49:42.859739,12050341.92,12050362.26,12050344.32,12050347.36,40.06,100.0,36.540901931759436,11812714.206999999,25018.1369523004,0,0.020000000000000025,0.010000000000000012
2025-06-19 06:49:42.859739,12075264.35,12075277.2,12075249.35,12075267.33,291.46,100.0,29.08575414479128,11837717.7075,25011.830027136075,0,0.019999999999999983,0.009999999999999992
2025-06-19 10:49:42.859739,12100285.35,12100289.87,12100265.47,12100274.33,207.54,100.0,23.554614810534986,11862720.4905,25012.59502519772,0,0.020000000000000035,0.010000000000000018
2025-06-19 14:49:42.859739,12125245.46,12125240.03,12125231.04,12125242.45,238.15,100.0,16.984441665001214,11887721.965,25009.245380540688,0,0.019999999999999955,0.009999999999999978
2025-06-19 18:49:42.859739,12150167.89,12150174.94,12150147.71,12150164.04,908.43,100.0,7.099294712388655,11912720.5615,25003.762853359225,0,0.019999999999999987,0.009999999999999993
2025-06-19 22:49:42.859739,12175133.57,12175133.57,12175131.06,12175136.21,468.07,100.0,-1.1337011563882697,11937715.7395,25001.31764954794,0,0.02000000000000008,0.009999999999999964
2025-06-20 02:49:42.859739,12200079.91,12200084.24,12200060.19,12200074.21,466.3,100.0,-10.077639123453991,11962705.7435,24997.511388865893,0,0.02000000000000006,0.01000000000000003
2025-06-20 06:49:42.859739,12225166.73,12225178.19,12225157.38,12225163.55,760.58,100.0,-9.317191597860074,11987702.206,25005.116289661084,0,0.019999999999999976,0.010000000000000064
2025-06-20 10:49:42.859739,12250202.63,12250227.58,12250189.98,12250206.87,154.49,100.0,-5.429740289488109,12012702.223000001,25009.3244118281,0,0.019999999999999955,0.010000000000000054
2025-06-20 14:49:42.859739,12275206.06,12275209.33,12275195.29,12275208.47,487.27,100.0,-2.4362276705214754,12037702.5235,25008.834096697585,0,0.020000000000000077,0.009999999999999962
2025-06-20 18:49:42.859739,12300273.0,12300289.37,12300264.81,12300279.5,429.99,100.0,4.2764696742233355,12062712.317,25013.98166121908,0,0.019999999999999987,0.009999999999999993
2025-06-20 22:49:42.859739,12325287.21,12325301.21,12325265.53,12325284.56,596.91,100.0,8.748591041774489,12087726.0815,25014.533685417784,0,0.01999999999999994,0.00999999999999997
2025-06-21 02:49:42.859739,12350245.38,12350246.23,12350236.38,12350246.28,999.56,100.0,8.796129444701364,12112734.567499999,25010.757707887937,0,0.01999999999999998,0.00999999999999999
2025-06-21 06:49:42.859739,12375315.89,12375329.41,12375299.08,12375316.12,769.45,100.0,12.947850577591453,12137742.4205,25015.92715732457,0,0.019999999999999997,0.009999999999999998
2025-06-21 10:49:42.859739,12400353.12,12400359.91,12400337.46,12400337.22,397.87,100.0,16.314370144944405,12162752.3805,25017.91736037289,0,0.020000000000000014,0.010000000000000083
2025-06-21 14:49:42.859739,12425287.26,12425305.71,12425285.68,12425302.14,827.55,100.0,15.38980196180637,12187758.551499998,25014.386834631987,0,0.019999999999999993,0.010000000000000071
2025-06-21 18:49:42.859739,12450276.55,12450287.63,12450277.06,12450290.78,170.71,100.0,13.302809014508966,12212763.345999999,25012.322775015433,0,0.020000000000000028,0.010000000000000014
2025-06-21 22:49:42.859739,12475241.21,12475247.2,12475229.26,12475233.63,30.46,100.0,7.644103745784378,12237757.9355,25008.329719657184,0,0.020000000000000087,0.010000000000000044
2025-06-22 02:49:42.859739,12500176.19,12500186.63,12500167.87,12500174.4,204.45,100.0,-0.10680612860596739,12262746.717999998,25004.377596824528,0,0.01999999999999999,0.01000000000000007
2025-06-22 06:49:42.859739,12525225.68,12525228.34,12525206.18,12525214.74,340.41,100.0,-2.408185596286785,12287738.2095,25007.91776847988,0,0.02000000000000002,0.009999999999999936
2025-06-22 10:49:42.859739,12550310.44,12550312.83,12550301.9,12550314.05,510.58,100.0,2.595553513849154,12312736.544,25014.358642159877,0,0.01999999999999996,0.00999999999999998
2025-06-22 14:49:42.859739,12575248.19,12575258.02,12575227.56,12575244.27,615.13,100.0,1.1188505845202599,12337735.390999999,25009.330882005514,0,0.020000000000000077,0.010000000000000038
2025-06-22 18:49:42.859739,12600270.76,12600271.66,12600254.28,12600269.78,910.61,100.0,1.7363784383051097,12362735.1635,25010.620819005162,0,0.02000000000000003,0.009999999999999943
2025-06-22 22:49:42.859739,12625237.55,12625253.33,12625229.61,12625234.5,509.85,100.0,-0.24927559681236744,12387734.765999999,25008.687189076274,0,0.01999999999999996,0.010000000000000052
2025-06-23 02:49:42.859739,12650218.48,12650218.11,12650208.01,12650210.61,501.28,100.0,-3.035011000931263,12412737.094500002,25006.89596128507,0,0.02000000000000007,0.010000000000000035
2025-06-23 06:49:42.859739,12675187.7,12675203.6,12675179.25,12675179.86,50.24,100.0,-6.607060824346263,12437739.276999999,25005.902678336155,0,0.020000000000000052,0.009999999999999953
2025-06-23 10:49:42.859739,12700133.36,12700148.6,12700137.35,12700137.08,34.91,100.0,-11.23737220527255,12462742.4205,25003.24820131216,0,0.019999999999999952,0.009999999999999976
2025-06-23 14:49:42.859739,12725151.05,12725150.21,12725142.52,12725143.33,551.16,100.0,-13.133660553896334,12487741.4095,25003.954044075632,0,0.019999999999999952,0.009999999999999976
2025-06-23 18:49:42.859739,12750109.02,12750105.1,12750095.27,12750098.54,438.18,100.0,-16.444228956795996,12512735.993,25000.9408980702,0,0.01999999999999995,0.010000000000000047
2025-06-23 22:49:42.859739,12775112.52,12775121.76,12775110.24,12775119.05,839.18,100.0,-16.26292205924983,12537731.522,25002.532262493805,0,0.020000000000000077,0.010000000000000038
2025-06-24 02:49:42.859739,12800115.11,12800130.66,12800093.8,12800120.57,160.68,100.0,-15.077310728636803,12562723.5755,25003.180672315637,0,0.01999999999999997,0.010000000000000057
2025-06-24 06:49:42.859739,12825103.65,12825121.11,12825090.03,12825098.28,24.97,100.0,-14.809506874385988,12587714.261500001,25002.992052864458,0,0.020000000000000056,0.009999999999999955
2025-06-24 10:49:42.859739,12850057.11,12850063.17,12850048.86,12850057.0,449.04,100.0,-16.30914925923571,12612704.7975,25000.270477659895,0,0.020000000000000046,0.010000000000000023
2025-06-24 14:49:42.859739,12875024.22,12875035.94,12875015.36,12875029.47,237.48,100.0,-17.923314246174414,12637690.465,24998.74687211272,0,0.020000000000000066,0.010000000000000033
2025-06-24 18:49:42.859739,12900061.38,12900079.18,12900061.95,12900067.1,49.61,100.0,-15.325432754179928,12662676.959,25002.38709553317,0,0.020000000000000014,0.010000000000000007
2025-06-24 22:49:42.859739,12925089.66,12925107.51,12925080.9,12925090.16,724.6,100.0,-11.118600969813997,12687666.360000001,25005.10301728081,0,0.02000000000000007,0.009999999999999962
2025-06-25 02:49:42.859739,12950046.77,12950052.77,12950028.38,12950044.62,111.59,100.0,-10.476389585179277,12712654.052000001,25002.06780176071,0,0.02000000000000002,0.01000000000000001
2025-06-25 06:49:42.859739,12975048.59,12975053.7,12975036.09,12975048.28,608.32,100.0,-8.938372118864208,12737644.7845,25002.568673063524,0,0.020000000000000056,0.009999999999999955
2025-06-25 10:49:42.859739,13000081.59,13000091.69,13000075.41,13000077.25,281.05,100.0,-5.283908741548657,12762639.927000001,25005.485910701856,0,0.019999999999999993,0.01000000000000007
2025-06-25 14:49:42.859739,13025003.83,13025013.88,13024980.09,13025004.32,173.5,100.0,-6.985447926825145,12787629.406,25000.56763136607,0,0.020000000000000028,0.009999999999999943
2025-06-25 18:49:42.859739,13050012.9,13050027.2,13050009.53,13050031.58,379.75,100.0,-5.545015271316515,12812615.282499999,25002.161371982707,0,0.019999999999999997,0.009999999999999998
2025-06-25 22:49:42.859739,13074999.75,13075006.4,13074981.54,13074990.19,801.45,100.0,-6.579209807183361,12837602.578499999,25000.208416841106,0,0.01999999999999999,0.010000000000000066
2025-06-26 02:49:42.859739,13100013.84,13100029.65,13100011.15,13100022.73,392.09,100.0,-4.377203301235568,12862590.226,25003.012101352517,0,0.020000000000000056,0.009999999999999957
2025-06-26 06:49:42.859739,13124982.56,13125000.26,13124971.96,13124987.79,750.77,100.0,-4.558680920832558,12887577.8905,25001.19195125586,0,0.01999999999999996,0.01000000000000005
2025-06-26 10:49:42.859739,13149888.53,13149895.99,13149890.1,13149893.08,125.49,100.0,-10.028558468067786,12912562.014,24994.549669023378,0,0.02000000000000003,0.010000000000000016
2025-06-26 14:49:42.859739,13174806.28,13174824.52,13174804.85,13174818.12,772.77,100.0,-17.243106643552892,12937543.927000001,24990.04183552167,0,0.02000000000000007,0.009999999999999966
2025-06-26 18:49:42.859739,13199820.96,13199824.78,13199814.37,13199826.98,236.93,100.0,-19.784484923555283,12962528.422,24991.228847270133,0,0.019999999999999983,0.009999999999999992
2025-06-26 22:49:42.859739,13224825.81,13224840.99,13224818.63,13224824.21,677.39,100.0,-19.960694185458124,12987512.466000002,24992.856072465107,0,0.020000000000000056,0.010000000000000028
2025-06-27 02:49:42.859739,13249784.66,13249784.22,13249772.07,13249776.02,565.78,100.0,-21.498327977227746,13012496.34,24990.509924431866,0,0.020000000000000056,0.009999999999999959
2025-06-27 06:49:42.859739,13274814.62,13274826.46,13274810.3,13274816.38,929.14,100.0,-18.108617814810714,13037481.2065,24994.790644115397,0,0.02000000000000003,0.009999999999999945
2025-06-27 10:49:42.859739,13299734.17,13299743.01,13299712.5,13299735.39,387.32,100.0,-19.51123843237292,13062461.9475,24989.92202667851,0,0.020000000000000066,0.010000000000000033
2025-06-27 14:49:42.859739,13324728.86,13324739.69,13324710.29,13324727.32,66.17,100.0,-19.146017344959546,13087443.399500001,24990.94902477282,0,0.019999999999999955,0.009999999999999978
2025-06-27 18:49:42.859739,13349661.51,13349680.0,13349653.48,13349675.19,19.16,100.0,-20.460061437130207,13112424.309,24988.215523003313,0,0.020000000000000077,0.010000000000000038
2025-06-27 22:49:42.859739,13374640.32,13374648.86,13374624.67,13374628.64,826.86,100.0,-22.355016866815276,13137404.2675,24987.1765570745,0,0.0,0.0
2025-06-28 02:49:42.859739,13399635.24,13399653.8,13399620.31,13399641.17,524.74,100.0,-20.693440391216427,13162382.970999999,24989.88966014062,0,0.0,0.0
2025-06-28 06:49:42.859739,13424586.9,13424600.08,13424592.07,13424591.65,775.24,100.0,-20.802522705867887,13187358.0455,24987.676827273444,0,0.0,0.0
2025-06-28 10:49:42.859739,13449573.32,13449591.96,13449559.65,13449584.05,234.43,100.0,-19.29305174649926,13212335.017,24988.579196753948,0,0.0,0.0
2025-06-28 14:49:42.859739,13474633.27,13474635.74,13474623.27,13474635.73,345.08,100.0,-13.021148035535589,13237314.3895,24993.087111271485,0,0.0,0.0
2025-06-28 18:49:42.859739,13499601.18,13499598.47,13499581.04,13499593.09,30.1,100.0,-10.08263151664869,13262290.181499999,24990.919460466394,0,0.0,0.0
